id,name,hash,executed_at
0,create-migrations-table,e18db593bcde2aca2a408c4d1100f6abba2195df,2026-03-28 21:50:37.329773
1,initialmigration,6ab16121fbaa08bbd11b712d05f358f9b555d777,2026-03-28 21:50:37.344552
2,storage-schema,f6a1fa2c93cbcd16d4e487b362e45fca157a8dbd,2026-03-28 21:50:37.353612
3,pathtoken-column,2cb1b0004b817b29d5b0a971af16bafeede4b70d,2026-03-28 21:50:37.374888
4,add-migrations-rls,427c5b63fe1c5937495d9c635c263ee7a5905058,2026-03-28 21:50:45.888922
5,add-size-functions,79e081a1455b63666c1294a440f8ad4b1e6a7f84,2026-03-28 21:50:45.894726
6,change-column-name-in-get-size,ded78e2f1b5d7e616117897e6443a925965b30d2,2026-03-28 21:50:45.899153
7,add-rls-to-buckets,e7e7f86adbc51049f341dfe8d30256c1abca17aa,2026-03-28 21:50:45.902821
8,add-public-to-buckets,fd670db39ed65f9d08b01db09d6202503ca2bab3,2026-03-28 21:50:45.905664
9,fix-search-function,af597a1b590c70519b464a4ab3be54490712796b,2026-03-28 21:50:45.908938
10,search-files-search-function,b595f05e92f7e91211af1bbfe9c6a13bb3391e16,2026-03-28 21:50:45.913112
11,add-trigger-to-auto-update-updated_at-column,7425bdb14366d1739fa8a18c83100636d74dcaa2,2026-03-28 21:50:45.916594
12,add-automatic-avif-detection-flag,8e92e1266eb29518b6a4c5313ab8f29dd0d08df9,2026-03-28 21:50:45.924985
13,add-bucket-custom-limits,cce962054138135cd9a8c4bcd531598684b25e7d,2026-03-28 21:50:45.927946
14,use-bytes-for-max-size,941c41b346f9802b411f06f30e972ad4744dad27,2026-03-28 21:50:45.930938
15,add-can-insert-object-function,934146bc38ead475f4ef4b555c524ee5d66799e5,2026-03-28 21:50:45.958475
16,add-version,76debf38d3fd07dcfc747ca49096457d95b1221b,2026-03-28 21:50:45.962032
17,drop-owner-foreign-key,f1cbb288f1b7a4c1eb8c38504b80ae2a0153d101,2026-03-28 21:50:45.965351
18,add_owner_id_column_deprecate_owner,e7a511b379110b08e2f214be852c35414749fe66,2026-03-28 21:50:45.968275
19,alter-default-value-objects-id,02e5e22a78626187e00d173dc45f58fa66a4f043,2026-03-28 21:50:45.973331
20,list-objects-with-delimiter,cd694ae708e51ba82bf012bba00caf4f3b6393b7,2026-03-28 21:50:45.976333
21,s3-multipart-uploads,8c804d4a566c40cd1e4cc5b3725a664a9303657f,2026-03-28 21:50:45.981285
22,s3-multipart-uploads-big-ints,9737dc258d2397953c9953d9b86920b8be0cdb73,2026-03-28 21:50:45.99755
23,optimize-search-function,9d7e604cddc4b56a5422dc68c9313f4a1b6f132c,2026-03-28 21:50:46.007321
24,operation-function,8312e37c2bf9e76bbe841aa5fda889206d2bf8aa,2026-03-28 21:50:46.010654
25,custom-metadata,d974c6057c3db1c1f847afa0e291e6165693b990,2026-03-28 21:50:46.013625
26,objects-prefixes,215cabcb7f78121892a5a2037a09fedf9a1ae322,2026-03-28 21:50:46.017021
27,search-v2,859ba38092ac96eb3964d83bf53ccc0b141663a6,2026-03-28 21:50:46.019756
28,object-bucket-name-sorting,c73a2b5b5d4041e39705814fd3a1b95502d38ce4,2026-03-28 21:50:46.022329
29,create-prefixes,ad2c1207f76703d11a9f9007f821620017a66c21,2026-03-28 21:50:46.024784
30,update-object-levels,2be814ff05c8252fdfdc7cfb4b7f5c7e17f0bed6,2026-03-28 21:50:46.027154
31,objects-level-index,b40367c14c3440ec75f19bbce2d71e914ddd3da0,2026-03-28 21:50:46.029611
32,backward-compatible-index-on-objects,e0c37182b0f7aee3efd823298fb3c76f1042c0f7,2026-03-28 21:50:46.03195
33,backward-compatible-index-on-prefixes,b480e99ed951e0900f033ec4eb34b5bdcb4e3d49,2026-03-28 21:50:46.034412
34,optimize-search-function-v1,ca80a3dc7bfef894df17108785ce29a7fc8ee456,2026-03-28 21:50:46.036799
35,add-insert-trigger-prefixes,458fe0ffd07ec53f5e3ce9df51bfdf4861929ccc,2026-03-28 21:50:46.039209
36,optimise-existing-functions,6ae5fca6af5c55abe95369cd4f93985d1814ca8f,2026-03-28 21:50:46.041571
37,add-bucket-name-length-trigger,3944135b4e3e8b22d6d4cbb568fe3b0b51df15c1,2026-03-28 21:50:46.04423
38,iceberg-catalog-flag-on-buckets,02716b81ceec9705aed84aa1501657095b32e5c5,2026-03-28 21:50:46.047708
39,add-search-v2-sort-support,6706c5f2928846abee18461279799ad12b279b78,2026-03-28 21:50:46.055456
40,fix-prefix-race-conditions-optimized,7ad69982ae2d372b21f48fc4829ae9752c518f6b,2026-03-28 21:50:46.058182
41,add-object-level-update-trigger,07fcf1a22165849b7a029deed059ffcde08d1ae0,2026-03-28 21:50:46.060592
42,rollback-prefix-triggers,771479077764adc09e2ea2043eb627503c034cd4,2026-03-28 21:50:46.063225
43,fix-object-level,84b35d6caca9d937478ad8a797491f38b8c2979f,2026-03-28 21:50:46.065699
44,vector-bucket-type,99c20c0ffd52bb1ff1f32fb992f3b351e3ef8fb3,2026-03-28 21:50:46.068253
45,vector-buckets,049e27196d77a7cb76497a85afae669d8b230953,2026-03-28 21:50:46.071451
46,buckets-objects-grants,fedeb96d60fefd8e02ab3ded9fbde05632f84aed,2026-03-28 21:50:46.081955
47,iceberg-table-metadata,649df56855c24d8b36dd4cc1aeb8251aa9ad42c2,2026-03-28 21:50:46.08512
48,iceberg-catalog-ids,e0e8b460c609b9999ccd0df9ad14294613eed939,2026-03-28 21:50:46.087797
49,buckets-objects-grants-postgres,072b1195d0d5a2f888af6b2302a1938dd94b8b3d,2026-03-28 21:50:46.105068
50,search-v2-optimised,6323ac4f850aa14e7387eb32102869578b5bd478,2026-03-28 21:50:46.108411
51,index-backward-compatible-search,2ee395d433f76e38bcd3856debaf6e0e5b674011,2026-03-28 21:50:46.378334
52,drop-not-used-indexes-and-functions,5cc44c8696749ac11dd0dc37f2a3802075f3a171,2026-03-28 21:50:46.38019
53,drop-index-lower-name,d0cb18777d9e2a98ebe0bc5cc7a42e57ebe41854,2026-03-28 21:50:46.448988
54,drop-index-object-level,6289e048b1472da17c31a7eba1ded625a6457e67,2026-03-28 21:50:46.524926
55,prevent-direct-deletes,262a4798d5e0f2e7c8970232e03ce8be695d5819,2026-03-28 21:50:46.528132
56,fix-optimized-search-function,cb58526ebc23048049fd5bf2fd148d18b04a2073,2026-03-28 21:50:46.536438
57,s3-multipart-uploads-metadata,f127886e00d1b374fadbc7c6b31e09336aad5287,2026-04-06 17:46:55.876702
58,operation-ergonomics,00ca5d483b3fe0d522133d9002ccc5df98365120,2026-04-06 17:46:55.903421
