id,id_curva,indicador_codigo,sexo_codigo,edad_valor,l,m,s,stdev,sd5neg,sd4neg,sd3neg,sd2neg,sd1neg,sd0,sd1,sd2,sd3,sd4
1,1,BMI,M,61,-0.7387,15.2641,0.0839,,,11.204,12.118,13.031,14.071,15.264,16.645,18.259,20.166,22.072
2,1,BMI,M,62,-0.7621,15.2616,0.08414,,,11.204,12.115,13.027,14.066,15.262,16.648,18.273,20.2,22.127
3,1,BMI,M,63,-0.7856,15.2604,0.08439,,,11.204,12.114,13.024,14.063,15.26,16.653,18.29,20.238,22.186
4,1,BMI,M,64,-0.8089,15.2605,0.08464,,,11.205,12.114,13.022,14.061,15.26,16.659,18.308,20.277,22.247
5,1,BMI,M,65,-0.8322,15.2619,0.0849,,,11.207,12.114,13.021,14.06,15.262,16.667,18.328,20.32,22.312
6,1,BMI,M,66,-0.8554,15.2645,0.08516,,,11.21,12.115,13.021,14.06,15.264,16.676,18.35,20.365,22.38
7,1,BMI,M,67,-0.8785,15.2684,0.08543,,,11.213,12.117,13.021,14.061,15.268,16.686,18.374,20.413,22.452
8,1,BMI,M,68,-0.9015,15.2737,0.0857,,,11.218,12.121,13.023,14.063,15.274,16.699,18.399,20.463,22.526
9,1,BMI,M,69,-0.9243,15.2801,0.08597,,,11.223,12.125,13.026,14.067,15.28,16.712,18.427,20.515,22.604
10,1,BMI,M,70,-0.9471,15.2877,0.08625,,,11.228,12.129,13.03,14.071,15.288,16.727,18.456,20.571,22.685
11,1,BMI,M,71,-0.9697,15.2965,0.08653,,,11.235,12.135,13.035,14.077,15.296,16.743,18.487,20.628,22.77
12,1,BMI,M,72,-0.9921,15.3062,0.08682,,,11.242,12.141,13.04,14.083,15.306,16.761,18.52,20.689,22.858
13,1,BMI,M,73,-1.0144,15.3169,0.08711,,,11.249,12.148,13.047,14.09,15.317,16.78,18.554,20.751,22.948
14,1,BMI,M,74,-1.0365,15.3285,0.08741,,,11.257,12.155,13.053,14.098,15.328,16.799,18.589,20.816,23.043
15,1,BMI,M,75,-1.0584,15.3408,0.08771,,,11.265,12.163,13.061,14.107,15.341,16.82,18.626,20.883,23.139
16,1,BMI,M,76,-1.0801,15.354,0.08802,,,11.274,12.171,13.069,14.116,15.354,16.842,18.665,20.952,23.24
17,1,BMI,M,77,-1.1017,15.3679,0.08833,,,11.283,12.18,13.077,14.126,15.368,16.864,18.704,21.023,23.343
18,1,BMI,M,78,-1.123,15.3825,0.08865,,,11.292,12.189,13.086,14.136,15.382,16.888,18.745,21.097,23.449
19,1,BMI,M,79,-1.1441,15.3978,0.08898,,,11.301,12.198,13.095,14.147,15.398,16.913,18.788,21.174,23.559
20,1,BMI,M,80,-1.1649,15.4137,0.08931,,,11.311,12.208,13.105,14.158,15.414,16.938,18.831,21.251,23.672
21,1,BMI,M,81,-1.1856,15.4302,0.08964,,,11.321,12.218,13.115,14.17,15.43,16.964,18.876,21.331,23.786
22,1,BMI,M,82,-1.206,15.4473,0.08998,,,11.331,12.228,13.126,14.183,15.447,16.991,18.922,21.413,23.905
23,1,BMI,M,83,-1.2261,15.465,0.09033,,,11.341,12.239,13.136,14.195,15.465,17.019,18.969,21.498,24.027
24,1,BMI,M,84,-1.246,15.4832,0.09068,,,11.351,12.25,13.148,14.209,15.483,17.047,19.017,21.584,24.152
25,1,BMI,M,85,-1.2656,15.5019,0.09103,,,11.362,12.261,13.159,14.222,15.502,17.076,19.066,21.672,24.279
26,1,BMI,M,86,-1.2849,15.521,0.09139,,,11.373,12.272,13.171,14.236,15.521,17.106,19.116,21.763,24.409
27,1,BMI,M,87,-1.304,15.5407,0.09176,,,11.384,12.283,13.183,14.25,15.541,17.136,19.168,21.856,24.544
28,1,BMI,M,88,-1.3228,15.5608,0.09213,,,11.395,12.295,13.195,14.265,15.561,17.167,19.22,21.95,24.681
29,1,BMI,M,89,-1.3414,15.5814,0.09251,,,11.406,12.307,13.208,14.28,15.581,17.199,19.274,22.048,24.822
30,1,BMI,M,90,-1.3596,15.6023,0.09289,,,11.417,12.319,13.221,14.295,15.602,17.231,19.328,22.147,24.966
31,1,BMI,M,91,-1.3776,15.6237,0.09327,,,11.428,12.331,13.234,14.311,15.624,17.264,19.383,22.247,25.112
32,1,BMI,M,92,-1.3953,15.6455,0.09366,,,11.44,12.343,13.247,14.327,15.646,17.297,19.44,22.351,25.262
33,1,BMI,M,93,-1.4126,15.6677,0.09406,,,11.451,12.356,13.26,14.343,15.668,17.331,19.497,22.457,25.416
34,1,BMI,M,94,-1.4297,15.6903,0.09445,,,11.463,12.368,13.274,14.36,15.69,17.366,19.555,22.563,25.571
35,1,BMI,M,95,-1.4464,15.7133,0.09486,,,11.474,12.381,13.288,14.377,15.713,17.401,19.615,22.673,25.732
36,1,BMI,M,96,-1.4629,15.7368,0.09526,,,11.486,12.394,13.302,14.394,15.737,17.437,19.675,22.785,25.895
37,1,BMI,M,97,-1.479,15.7606,0.09567,,,11.498,12.407,13.317,14.412,15.761,17.473,19.736,22.899,26.061
38,1,BMI,M,98,-1.4947,15.7848,0.09609,,,11.51,12.42,13.331,14.429,15.785,17.51,19.798,23.015,26.232
39,1,BMI,M,99,-1.5101,15.8094,0.09651,,,11.521,12.434,13.346,14.447,15.809,17.548,19.862,23.134,26.406
40,1,BMI,M,100,-1.5252,15.8344,0.09693,,,11.534,12.447,13.361,14.466,15.834,17.586,19.926,23.254,26.582
41,1,BMI,M,101,-1.5399,15.8597,0.09735,,,11.546,12.461,13.376,14.484,15.86,17.624,19.99,23.376,26.761
42,1,BMI,M,102,-1.5542,15.8855,0.09778,,,11.558,12.475,13.392,14.503,15.886,17.663,20.056,23.5,26.945
43,1,BMI,M,103,-1.5681,15.9116,0.09821,,,11.57,12.489,13.408,14.523,15.912,17.702,20.123,23.627,27.131
44,1,BMI,M,104,-1.5817,15.9381,0.09864,,,11.583,12.503,13.424,14.542,15.938,17.742,20.19,23.755,27.32
45,1,BMI,M,105,-1.5948,15.9651,0.09907,,,11.595,12.518,13.44,14.562,15.965,17.783,20.258,23.885,27.511
46,1,BMI,M,106,-1.6076,15.9925,0.09951,,,11.608,12.532,13.456,14.582,15.992,17.824,20.327,24.018,27.708
47,1,BMI,M,107,-1.6199,16.0205,0.09994,,,11.621,12.547,13.473,14.603,16.02,17.866,20.397,24.151,27.905
48,1,BMI,M,108,-1.6318,16.049,0.10038,,,11.634,12.562,13.491,14.624,16.049,17.908,20.468,24.288,28.107
49,1,BMI,M,109,-1.6433,16.0781,0.10082,,,11.647,12.578,13.508,14.646,16.078,17.952,20.54,24.426,28.312
50,1,BMI,M,110,-1.6544,16.1078,0.10126,,,11.661,12.594,13.526,14.668,16.108,17.996,20.613,24.567,28.52
51,1,BMI,M,111,-1.6651,16.1381,0.1017,,,11.675,12.61,13.545,14.691,16.138,18.04,20.687,24.709,28.731
52,1,BMI,M,112,-1.6753,16.1692,0.10214,,,11.689,12.626,13.564,14.714,16.169,18.086,20.763,24.854,28.945
53,1,BMI,M,113,-1.6851,16.2009,0.10259,,,11.703,12.643,13.583,14.738,16.201,18.132,20.839,25.001,29.163
54,1,BMI,M,114,-1.6944,16.2333,0.10303,,,11.718,12.661,13.603,14.763,16.233,18.179,20.916,25.149,29.382
55,1,BMI,M,115,-1.7032,16.2665,0.10347,,,11.733,12.679,13.624,14.788,16.266,18.227,20.994,25.299,29.604
56,1,BMI,M,116,-1.7116,16.3004,0.10391,,,11.749,12.697,13.645,14.814,16.3,18.276,21.074,25.451,29.828
57,1,BMI,M,117,-1.7196,16.3351,0.10435,,,11.765,12.716,13.667,14.84,16.335,18.326,21.154,25.605,30.055
58,1,BMI,M,118,-1.7271,16.3704,0.10478,,,11.781,12.735,13.689,14.867,16.37,18.376,21.234,25.758,30.282
59,1,BMI,M,119,-1.7341,16.4065,0.10522,,,11.798,12.755,13.712,14.895,16.406,18.428,21.317,25.915,30.513
60,1,BMI,M,120,-1.7407,16.4433,0.10566,,,11.815,12.775,13.735,14.923,16.443,18.48,21.4,26.073,30.746
61,1,BMI,M,121,-1.7468,16.4807,0.10609,,,11.832,12.796,13.759,14.952,16.481,18.532,21.483,26.231,30.979
62,1,BMI,M,122,-1.7525,16.5189,0.10652,,,11.85,12.817,13.784,14.982,16.519,18.586,21.568,26.391,31.213
63,1,BMI,M,123,-1.7578,16.5578,0.10695,,,11.868,12.838,13.808,15.012,16.558,18.64,21.653,26.552,31.45
64,1,BMI,M,124,-1.7626,16.5974,0.10738,,,11.886,12.86,13.834,15.043,16.597,18.696,21.739,26.714,31.688
65,1,BMI,M,125,-1.767,16.6376,0.1078,,,11.905,12.882,13.86,15.074,16.638,18.751,21.826,26.875,31.925
66,1,BMI,M,126,-1.771,16.6786,0.10823,,,11.924,12.905,13.886,15.106,16.679,18.808,21.914,27.04,32.166
67,1,BMI,M,127,-1.7745,16.7203,0.10865,,,11.943,12.928,13.913,15.139,16.72,18.865,22.002,27.204,32.405
68,1,BMI,M,128,-1.7777,16.7628,0.10906,,,11.964,12.952,13.941,15.172,16.763,18.923,22.09,27.367,32.643
69,1,BMI,M,129,-1.7804,16.8059,0.10948,,,11.984,12.976,13.969,15.206,16.806,18.982,22.18,27.533,32.885
70,1,BMI,M,130,-1.7828,16.8497,0.10989,,,12.004,13.001,13.998,15.241,16.85,19.042,22.271,27.698,33.125
71,1,BMI,M,131,-1.7847,16.8941,0.1103,,,12.025,13.026,14.027,15.276,16.894,19.102,22.362,27.863,33.365
72,1,BMI,M,132,-1.7862,16.9392,0.1107,,,12.046,13.051,14.056,15.312,16.939,19.163,22.452,28.027,33.602
73,1,BMI,M,133,-1.7873,16.985,0.1111,,,12.068,13.077,14.087,15.348,16.985,19.224,22.544,28.192,33.839
74,1,BMI,M,134,-1.7881,17.0314,0.1115,,,12.09,13.103,14.117,15.385,17.031,19.287,22.637,28.357,34.077
75,1,BMI,M,135,-1.7884,17.0784,0.11189,,,12.112,13.13,14.148,15.422,17.078,19.349,22.729,28.52,34.311
76,1,BMI,M,136,-1.7884,17.1262,0.11228,,,12.134,13.157,14.18,15.461,17.126,19.413,22.822,28.684,34.545
77,1,BMI,M,137,-1.788,17.1746,0.11266,,,12.157,13.185,14.212,15.499,17.175,19.477,22.915,28.846,34.776
78,1,BMI,M,138,-1.7873,17.2236,0.11304,,,12.181,13.213,14.245,15.539,17.224,19.542,23.009,29.008,35.006
79,1,BMI,M,139,-1.7861,17.2734,0.11342,,,12.204,13.241,14.278,15.578,17.273,19.607,23.104,29.169,35.235
80,1,BMI,M,140,-1.7846,17.324,0.11379,,,12.228,13.27,14.312,15.619,17.324,19.674,23.199,29.329,35.46
81,1,BMI,M,141,-1.7828,17.3752,0.11415,,,12.253,13.3,14.347,15.66,17.375,19.741,23.293,29.487,35.681
82,1,BMI,M,142,-1.7806,17.4272,0.11451,,,12.278,13.33,14.382,15.702,17.427,19.808,23.389,29.645,35.901
83,1,BMI,M,143,-1.778,17.4799,0.11487,,,12.303,13.36,14.417,15.745,17.48,19.877,23.485,29.802,36.119
84,1,BMI,M,144,-1.7751,17.5334,0.11522,,,12.328,13.391,14.453,15.788,17.533,19.946,23.581,29.957,36.333
85,1,BMI,M,145,-1.7719,17.5877,0.11556,,,12.355,13.422,14.49,15.833,17.588,20.015,23.677,30.11,36.542
86,1,BMI,M,146,-1.7684,17.6427,0.1159,,,12.381,13.454,14.528,15.877,17.643,20.086,23.774,30.262,36.75
87,1,BMI,M,147,-1.7645,17.6985,0.11623,,,12.408,13.487,14.566,15.923,17.698,20.157,23.871,30.412,36.952
88,1,BMI,M,148,-1.7604,17.7551,0.11656,,,12.436,13.52,14.605,15.969,17.755,20.229,23.969,30.561,37.154
89,1,BMI,M,149,-1.7559,17.8124,0.11688,,,12.464,13.554,14.644,16.016,17.812,20.302,24.067,30.708,37.349
90,1,BMI,M,150,-1.7511,17.8704,0.1172,,,12.492,13.588,14.684,16.063,17.87,20.375,24.165,30.854,37.543
91,1,BMI,M,151,-1.7461,17.9292,0.11751,,,12.52,13.622,14.724,16.112,17.929,20.449,24.263,30.998,37.732
92,1,BMI,M,152,-1.7408,17.9887,0.11781,,,12.55,13.658,14.766,16.161,17.989,20.524,24.362,31.138,37.915
93,1,BMI,M,153,-1.7352,18.0488,0.11811,,,12.579,13.693,14.807,16.21,18.049,20.599,24.46,31.278,38.096
94,1,BMI,M,154,-1.7293,18.1096,0.11841,,,12.609,13.729,14.849,16.26,18.11,20.675,24.559,31.417,38.275
95,1,BMI,M,155,-1.7232,18.171,0.11869,,,12.639,13.766,14.892,16.311,18.171,20.751,24.658,31.551,38.444
96,1,BMI,M,156,-1.7168,18.233,0.11898,,,12.669,13.802,14.935,16.362,18.233,20.829,24.757,31.686,38.616
97,1,BMI,M,157,-1.7102,18.2955,0.11925,,,12.7,13.839,14.979,16.414,18.296,20.906,24.856,31.816,38.777
98,1,BMI,M,158,-1.7033,18.3586,0.11952,,,12.731,13.877,15.023,16.466,18.359,20.984,24.954,31.945,38.936
99,1,BMI,M,159,-1.6962,18.4221,0.11979,,,12.762,13.915,15.067,16.519,18.422,21.062,25.053,32.073,39.093
100,1,BMI,M,160,-1.6888,18.486,0.12005,,,12.794,13.953,15.112,16.572,18.486,21.14,25.152,32.197,39.243
101,1,BMI,M,161,-1.6811,18.5502,0.1203,,,12.825,13.991,15.157,16.625,18.55,21.219,25.249,32.317,39.385
102,1,BMI,M,162,-1.6732,18.6148,0.12055,,,12.857,14.029,15.202,16.679,18.615,21.298,25.347,32.436,39.525
103,1,BMI,M,163,-1.6651,18.6795,0.12079,,,12.889,14.068,15.247,16.733,18.68,21.376,25.444,32.551,39.659
104,1,BMI,M,164,-1.6568,18.7445,0.12102,,,12.921,14.107,15.293,16.787,18.744,21.455,25.54,32.663,39.786
105,1,BMI,M,165,-1.6482,18.8095,0.12125,,,12.952,14.145,15.338,16.841,18.81,21.534,25.635,32.772,39.909
106,1,BMI,M,166,-1.6394,18.8746,0.12148,,,12.984,14.184,15.384,16.895,18.875,21.613,25.731,32.88,40.03
107,1,BMI,M,167,-1.6304,18.9398,0.1217,,,13.015,14.222,15.429,16.95,18.94,21.691,25.825,32.985,40.144
108,1,BMI,M,168,-1.6211,19.005,0.12191,,,13.047,14.261,15.475,17.004,19.005,21.77,25.918,33.084,40.25
109,1,BMI,M,169,-1.6116,19.0701,0.12212,,,13.078,14.299,15.521,17.058,19.07,21.848,26.011,33.182,40.353
110,1,BMI,M,170,-1.602,19.1351,0.12233,,,13.109,14.337,15.566,17.113,19.135,21.926,26.103,33.279,40.454
111,1,BMI,M,171,-1.5921,19.2,0.12253,,,13.139,14.375,15.611,17.167,19.2,22.004,26.194,33.371,40.547
112,1,BMI,M,172,-1.5821,19.2648,0.12272,,,13.17,14.414,15.657,17.221,19.265,22.081,26.284,33.459,40.634
113,1,BMI,M,173,-1.5719,19.3294,0.12291,,,13.201,14.451,15.702,17.275,19.329,22.158,26.373,33.546,40.718
114,1,BMI,M,174,-1.5615,19.3937,0.1231,,,13.231,14.489,15.747,17.329,19.394,22.235,26.462,33.631,40.8
115,1,BMI,M,175,-1.551,19.4578,0.12328,,,13.261,14.526,15.791,17.382,19.458,22.311,26.549,33.712,40.875
116,1,BMI,M,176,-1.5403,19.5217,0.12346,,,13.29,14.563,15.836,17.435,19.522,22.387,26.635,33.791,40.948
117,1,BMI,M,177,-1.5294,19.5853,0.12363,,,13.319,14.6,15.88,17.489,19.585,22.462,26.72,33.866,41.013
118,1,BMI,M,178,-1.5185,19.6486,0.1238,,,13.348,14.636,15.924,17.541,19.649,22.537,26.804,33.941,41.078
119,1,BMI,M,179,-1.5074,19.7117,0.12396,,,13.377,14.672,15.968,17.594,19.712,22.611,26.887,34.012,41.137
120,1,BMI,M,180,-1.4961,19.7744,0.12412,,,13.405,14.708,16.011,17.647,19.774,22.685,26.969,34.081,41.192
121,1,BMI,M,181,-1.4848,19.8367,0.12428,,,13.433,14.744,16.054,17.699,19.837,22.758,27.051,34.149,41.247
122,1,BMI,M,182,-1.4733,19.8987,0.12443,,,13.461,14.779,16.097,17.75,19.899,22.831,27.13,34.213,41.295
123,1,BMI,M,183,-1.4617,19.9603,0.12458,,,13.488,14.814,16.14,17.802,19.96,22.903,27.21,34.275,41.341
124,1,BMI,M,184,-1.45,20.0215,0.12473,,,13.515,14.848,16.182,17.853,20.022,22.975,27.288,34.337,41.386
125,1,BMI,M,185,-1.4382,20.0823,0.12487,,,13.541,14.882,16.224,17.904,20.082,23.046,27.365,34.395,41.425
126,1,BMI,M,186,-1.4263,20.1427,0.12501,,,13.567,14.916,16.265,17.954,20.143,23.116,27.441,34.452,41.462
127,1,BMI,M,187,-1.4143,20.2026,0.12514,,,13.593,14.95,16.306,18.004,20.203,23.186,27.515,34.505,41.495
128,1,BMI,M,188,-1.4022,20.2621,0.12528,,,13.618,14.982,16.347,18.053,20.262,23.255,27.59,34.559,41.529
129,1,BMI,M,189,-1.39,20.3211,0.12541,,,13.643,15.015,16.387,18.103,20.321,23.324,27.662,34.61,41.558
130,1,BMI,M,190,-1.3777,20.3796,0.12554,,,13.667,15.047,16.427,18.151,20.38,23.391,27.734,34.66,41.585
131,1,BMI,M,191,-1.3653,20.4376,0.12567,,,13.69,15.078,16.466,18.199,20.438,23.459,27.805,34.708,41.611
132,1,BMI,M,192,-1.3529,20.4951,0.12579,,,13.714,15.109,16.505,18.247,20.495,23.525,27.875,34.754,41.632
133,1,BMI,M,193,-1.3403,20.5521,0.12591,,,13.736,15.14,16.543,18.295,20.552,23.591,27.943,34.797,41.651
134,1,BMI,M,194,-1.3277,20.6085,0.12603,,,13.759,15.17,16.581,18.342,20.608,23.656,28.011,34.84,41.67
135,1,BMI,M,195,-1.3149,20.6644,0.12615,,,13.78,15.199,16.619,18.388,20.664,23.721,28.078,34.881,41.685
136,1,BMI,M,196,-1.3021,20.7197,0.12627,,,13.801,15.228,16.656,18.434,20.72,23.785,28.143,34.922,41.7
137,1,BMI,M,197,-1.2892,20.7745,0.12638,,,13.822,15.257,16.692,18.479,20.774,23.847,28.207,34.959,41.711
138,1,BMI,M,198,-1.2762,20.8287,0.1265,,,13.842,15.285,16.728,18.524,20.829,23.91,28.271,34.997,41.723
139,1,BMI,M,199,-1.2631,20.8824,0.12661,,,13.861,15.312,16.763,18.568,20.882,23.972,28.334,35.032,41.73
140,1,BMI,M,200,-1.2499,20.9355,0.12672,,,13.88,15.339,16.798,18.612,20.936,24.032,28.395,35.066,41.736
141,1,BMI,M,201,-1.2366,20.9881,0.12683,,,13.898,15.365,16.833,18.655,20.988,24.093,28.456,35.098,41.741
142,1,BMI,M,202,-1.2233,21.04,0.12694,,,13.916,15.391,16.867,18.698,21.04,24.152,28.515,35.13,41.744
143,1,BMI,M,203,-1.2098,21.0914,0.12704,,,13.933,15.417,16.9,18.741,21.091,24.211,28.573,35.158,41.743
144,1,BMI,M,204,-1.1962,21.1423,0.12715,,,13.95,15.441,16.933,18.782,21.142,24.269,28.63,35.187,41.743
145,1,BMI,M,205,-1.1826,21.1925,0.12726,,,13.965,15.465,16.965,18.823,21.192,24.327,28.687,35.215,41.743
146,1,BMI,M,206,-1.1688,21.2423,0.12736,,,13.981,15.489,16.997,18.864,21.242,24.383,28.742,35.24,41.737
147,1,BMI,M,207,-1.155,21.2914,0.12746,,,13.996,15.512,17.028,18.904,21.291,24.439,28.797,35.264,41.732
148,1,BMI,M,208,-1.141,21.34,0.12756,,,14.01,15.534,17.059,18.944,21.34,24.494,28.85,35.287,41.724
149,1,BMI,M,209,-1.127,21.388,0.12767,,,14.023,15.556,17.089,18.983,21.388,24.549,28.903,35.31,41.718
150,1,BMI,M,210,-1.1129,21.4354,0.12777,,,14.036,15.577,17.118,19.022,21.435,24.603,28.954,35.331,41.708
151,1,BMI,M,211,-1.0986,21.4822,0.12787,,,14.048,15.598,17.147,19.06,21.482,24.656,29.005,35.351,41.697
152,1,BMI,M,212,-1.0843,21.5285,0.12797,,,14.06,15.618,17.176,19.097,21.528,24.708,29.054,35.369,41.685
153,1,BMI,M,213,-1.0699,21.5742,0.12807,,,14.071,15.637,17.204,19.134,21.574,24.76,29.103,35.387,41.671
154,1,BMI,M,214,-1.0553,21.6193,0.12816,,,14.081,15.656,17.231,19.171,21.619,24.811,29.15,35.402,41.653
155,1,BMI,M,215,-1.0407,21.6638,0.12826,,,14.091,15.674,17.258,19.207,21.664,24.861,29.197,35.417,41.638
156,1,BMI,M,216,-1.026,21.7077,0.12836,,,14.1,15.692,17.284,19.242,21.708,24.911,29.243,35.432,41.621
157,1,BMI,M,217,-1.0112,21.751,0.12845,,,14.108,15.709,17.31,19.277,21.751,24.959,29.287,35.443,41.6
158,1,BMI,M,218,-0.9962,21.7937,0.12855,,,14.116,15.725,17.335,19.311,21.794,25.008,29.331,35.455,41.58
159,1,BMI,M,219,-0.9812,21.8358,0.12864,,,14.123,15.741,17.36,19.344,21.836,25.055,29.373,35.465,41.558
160,1,BMI,M,220,-0.9661,21.8773,0.12874,,,14.129,15.756,17.383,19.377,21.877,25.102,29.415,35.476,41.536
161,1,BMI,M,221,-0.9509,21.9182,0.12883,,,14.135,15.771,17.407,19.41,21.918,25.147,29.455,35.483,41.512
162,1,BMI,M,222,-0.9356,21.9585,0.12893,,,14.14,15.784,17.429,19.442,21.958,25.193,29.496,35.492,41.488
163,1,BMI,M,223,-0.9202,21.9982,0.12902,,,14.144,15.798,17.452,19.473,21.998,25.237,29.534,35.498,41.461
164,1,BMI,M,224,-0.9048,22.0374,0.12911,,,14.148,15.811,17.473,19.504,22.037,25.281,29.572,35.503,41.434
165,1,BMI,M,225,-0.8892,22.076,0.1292,,,14.151,15.823,17.495,19.535,22.076,25.324,29.609,35.507,41.406
166,1,BMI,M,226,-0.8735,22.114,0.1293,,,14.153,15.834,17.515,19.564,22.114,25.366,29.646,35.512,41.378
167,1,BMI,M,227,-0.8578,22.1514,0.12939,,,14.155,15.845,17.535,19.594,22.151,25.408,29.681,35.515,41.348
168,1,BMI,M,228,-0.8419,22.1883,0.12948,,,14.156,15.855,17.554,19.622,22.188,25.449,29.716,35.516,41.317
169,2,BMI,F,61,-0.8886,15.2441,0.09692,,,10.793,11.77,12.748,13.891,15.244,16.87,18.858,21.34,23.821
170,2,BMI,F,62,-0.9068,15.2434,0.09738,,,10.786,11.763,12.741,13.885,15.243,16.879,18.886,21.403,23.92
171,2,BMI,F,63,-0.9248,15.2433,0.09783,,,10.78,11.757,12.734,13.881,15.243,16.889,18.915,21.468,24.02
172,2,BMI,F,64,-0.9427,15.2438,0.09829,,,10.775,11.752,12.728,13.876,15.244,16.9,18.946,21.535,24.123
173,2,BMI,F,65,-0.9605,15.2448,0.09875,,,10.77,11.746,12.723,13.872,15.245,16.911,18.977,21.603,24.23
174,2,BMI,F,66,-0.978,15.2464,0.0992,,,10.765,11.742,12.718,13.869,15.246,16.923,19.009,21.673,24.337
175,2,BMI,F,67,-0.9954,15.2487,0.09966,,,10.761,11.737,12.714,13.866,15.249,16.936,19.042,21.745,24.448
176,2,BMI,F,68,-1.0126,15.2516,0.10012,,,10.757,11.733,12.71,13.864,15.252,16.95,19.077,21.819,24.561
177,2,BMI,F,69,-1.0296,15.2551,0.10058,,,10.754,11.73,12.706,13.863,15.255,16.964,19.112,21.895,24.678
178,2,BMI,F,70,-1.0464,15.2592,0.10104,,,10.751,11.727,12.703,13.862,15.259,16.979,19.148,21.973,24.797
179,2,BMI,F,71,-1.063,15.2641,0.10149,,,10.749,11.725,12.701,13.862,15.264,16.995,19.185,22.051,24.917
180,2,BMI,F,72,-1.0794,15.2697,0.10195,,,10.747,11.723,12.7,13.862,15.27,17.011,19.224,22.133,25.042
181,2,BMI,F,73,-1.0956,15.276,0.10241,,,10.745,11.722,12.699,13.863,15.276,17.029,19.264,22.217,25.17
182,2,BMI,F,74,-1.1115,15.2831,0.10287,,,10.744,11.721,12.698,13.865,15.283,17.047,19.305,22.303,25.301
183,2,BMI,F,75,-1.1272,15.2911,0.10333,,,10.744,11.721,12.699,13.867,15.291,17.067,19.347,22.391,25.435
184,2,BMI,F,76,-1.1427,15.2998,0.10379,,,10.744,11.722,12.7,13.87,15.3,17.087,19.391,22.481,25.572
185,2,BMI,F,77,-1.1579,15.3095,0.10425,,,10.745,11.723,12.701,13.874,15.31,17.108,19.436,22.574,25.712
186,2,BMI,F,78,-1.1728,15.32,0.10471,,,10.746,11.725,12.704,13.879,15.32,17.131,19.482,22.668,25.855
187,2,BMI,F,79,-1.1875,15.3314,0.10517,,,10.748,11.727,12.707,13.885,15.331,17.154,19.529,22.766,26.002
188,2,BMI,F,80,-1.2019,15.3439,0.10562,,,10.751,11.731,12.711,13.892,15.344,17.179,19.578,22.864,26.15
189,2,BMI,F,81,-1.216,15.3572,0.10608,,,10.754,11.735,12.716,13.899,15.357,17.204,19.628,22.966,26.304
190,2,BMI,F,82,-1.2298,15.3717,0.10654,,,10.758,11.74,12.721,13.907,15.372,17.231,19.68,23.071,26.461
191,2,BMI,F,83,-1.2433,15.3871,0.107,,,10.762,11.745,12.728,13.916,15.387,17.259,19.734,23.178,26.621
192,2,BMI,F,84,-1.2565,15.4036,0.10746,,,10.767,11.751,12.735,13.927,15.404,17.289,19.789,23.287,26.785
193,2,BMI,F,85,-1.2693,15.4211,0.10792,,,10.773,11.758,12.743,13.938,15.421,17.319,19.845,23.399,26.953
194,2,BMI,F,86,-1.2819,15.4397,0.10837,,,10.779,11.766,12.752,13.95,15.44,17.35,19.903,23.512,27.122
195,2,BMI,F,87,-1.2941,15.4593,0.10883,,,10.786,11.774,12.762,13.963,15.459,17.383,19.963,23.629,27.296
196,2,BMI,F,88,-1.306,15.4798,0.10929,,,10.793,11.783,12.772,13.976,15.48,17.417,20.023,23.749,27.474
197,2,BMI,F,89,-1.3175,15.5014,0.10974,,,10.802,11.793,12.783,13.991,15.501,17.452,20.085,23.869,27.653
198,2,BMI,F,90,-1.3287,15.524,0.1102,,,10.81,11.803,12.795,14.007,15.524,17.488,20.149,23.994,27.838
199,2,BMI,F,91,-1.3395,15.5476,0.11065,,,10.82,11.814,12.808,14.023,15.548,17.526,20.214,24.119,28.023
200,2,BMI,F,92,-1.3499,15.5723,0.1111,,,10.83,11.826,12.822,14.041,15.572,17.564,20.281,24.246,28.212
201,2,BMI,F,93,-1.36,15.5979,0.11156,,,10.84,11.838,12.836,14.059,15.598,17.604,20.349,24.377,28.406
202,2,BMI,F,94,-1.3697,15.6246,0.11201,,,10.851,11.851,12.852,14.078,15.625,17.645,20.418,24.51,28.601
203,2,BMI,F,95,-1.379,15.6523,0.11246,,,10.862,11.865,12.868,14.099,15.652,17.687,20.489,24.644,28.799
204,2,BMI,F,96,-1.388,15.681,0.11291,,,10.874,11.879,12.884,14.12,15.681,17.73,20.561,24.781,29.001
205,2,BMI,F,97,-1.3966,15.7107,0.11335,,,10.887,11.895,12.902,14.142,15.711,17.774,20.634,24.918,29.203
206,2,BMI,F,98,-1.4047,15.7415,0.1138,,,10.9,11.91,12.92,14.164,15.742,17.82,20.709,25.059,29.409
207,2,BMI,F,99,-1.4125,15.7732,0.11424,,,10.914,11.927,12.94,14.188,15.773,17.866,20.784,25.2,29.617
208,2,BMI,F,100,-1.4199,15.8058,0.11469,,,10.928,11.944,12.959,14.212,15.806,17.914,20.862,25.345,29.829
209,2,BMI,F,101,-1.427,15.8394,0.11513,,,10.943,11.962,12.98,14.238,15.839,17.962,20.94,25.491,30.042
210,2,BMI,F,102,-1.4336,15.8738,0.11557,,,10.958,11.98,13.001,14.264,15.874,18.012,21.019,25.638,30.256
211,2,BMI,F,103,-1.4398,15.909,0.11601,,,10.974,11.998,13.023,14.291,15.909,18.062,21.1,25.786,30.472
212,2,BMI,F,104,-1.4456,15.9451,0.11644,,,10.99,12.018,13.045,14.318,15.945,18.113,21.181,25.934,30.688
213,2,BMI,F,105,-1.4511,15.9818,0.11688,,,11.006,12.037,13.068,14.346,15.982,18.166,21.263,26.085,30.908
214,2,BMI,F,106,-1.4561,16.0194,0.11731,,,11.023,12.057,13.092,14.375,16.019,18.219,21.346,26.236,31.127
215,2,BMI,F,107,-1.4607,16.0575,0.11774,,,11.04,12.078,13.115,14.404,16.058,18.272,21.429,26.388,31.346
216,2,BMI,F,108,-1.465,16.0964,0.11816,,,11.057,12.099,13.14,14.434,16.096,18.326,21.513,26.539,31.565
217,2,BMI,F,109,-1.4688,16.1358,0.11859,,,11.075,12.12,13.165,14.465,16.136,18.381,21.599,26.692,31.786
218,2,BMI,F,110,-1.4723,16.1759,0.11901,,,11.092,12.141,13.19,14.496,16.176,18.437,21.684,26.845,32.007
219,2,BMI,F,111,-1.4753,16.2166,0.11943,,,11.11,12.163,13.216,14.527,16.217,18.493,21.77,26.998,32.227
220,2,BMI,F,112,-1.478,16.258,0.11985,,,11.128,12.185,13.242,14.559,16.258,18.551,21.857,27.152,32.448
221,2,BMI,F,113,-1.4803,16.2999,0.12026,,,11.147,12.208,13.269,14.592,16.3,18.608,21.944,27.305,32.666
222,2,BMI,F,114,-1.4823,16.3425,0.12067,,,11.166,12.231,13.296,14.625,16.343,18.666,22.031,27.459,32.886
223,2,BMI,F,115,-1.4838,16.3858,0.12108,,,11.185,12.254,13.323,14.659,16.386,18.725,22.12,27.612,33.104
224,2,BMI,F,116,-1.485,16.4298,0.12148,,,11.204,12.278,13.352,14.694,16.43,18.785,22.208,27.765,33.321
225,2,BMI,F,117,-1.4859,16.4746,0.12188,,,11.224,12.302,13.38,14.729,16.475,18.846,22.298,27.918,33.538
226,2,BMI,F,118,-1.4864,16.52,0.12228,,,11.244,12.327,13.41,14.764,16.52,18.907,22.388,28.071,33.755
227,2,BMI,F,119,-1.4866,16.5663,0.12268,,,11.265,12.352,13.439,14.801,16.566,18.969,22.479,28.226,33.972
228,2,BMI,F,120,-1.4864,16.6133,0.12307,,,11.285,12.378,13.47,14.838,16.613,19.032,22.57,28.378,34.185
229,2,BMI,F,121,-1.4859,16.6612,0.12346,,,11.307,12.404,13.501,14.876,16.661,19.096,22.663,28.531,34.399
230,2,BMI,F,122,-1.4851,16.71,0.12384,,,11.328,12.43,13.533,14.914,16.71,19.161,22.755,28.683,34.61
231,2,BMI,F,123,-1.4839,16.7595,0.12422,,,11.35,12.458,13.565,14.954,16.76,19.226,22.849,28.834,34.82
232,2,BMI,F,124,-1.4825,16.81,0.1246,,,11.373,12.485,13.598,14.994,16.81,19.293,22.943,28.987,35.031
233,2,BMI,F,125,-1.4807,16.8614,0.12497,,,11.396,12.514,13.631,15.035,16.861,19.36,23.038,29.138,35.238
234,2,BMI,F,126,-1.4787,16.9136,0.12534,,,11.419,12.542,13.666,15.076,16.914,19.429,23.134,29.29,35.445
235,2,BMI,F,127,-1.4763,16.9667,0.12571,,,11.443,12.572,13.7,15.119,16.967,19.498,23.231,29.441,35.651
236,2,BMI,F,128,-1.4737,17.0208,0.12607,,,11.467,12.602,13.736,15.162,17.021,19.568,23.328,29.591,35.854
237,2,BMI,F,129,-1.4708,17.0757,0.12643,,,11.492,12.632,13.772,15.206,17.076,19.639,23.426,29.742,36.057
238,2,BMI,F,130,-1.4677,17.1316,0.12678,,,11.517,12.663,13.81,15.251,17.132,19.712,23.525,29.891,36.257
239,2,BMI,F,131,-1.4642,17.1883,0.12713,,,11.543,12.695,13.847,15.297,17.188,19.785,23.624,30.039,36.454
240,2,BMI,F,132,-1.4606,17.2459,0.12748,,,11.569,12.727,13.885,15.343,17.246,19.859,23.725,30.189,36.653
241,2,BMI,F,133,-1.4567,17.3044,0.12782,,,11.595,12.76,13.925,15.39,17.304,19.933,23.825,30.336,36.847
242,2,BMI,F,134,-1.4526,17.3637,0.12816,,,11.622,12.793,13.964,15.438,17.364,20.009,23.927,30.484,37.042
243,2,BMI,F,135,-1.4482,17.4238,0.12849,,,11.65,12.827,14.004,15.487,17.424,20.086,24.029,30.63,37.231
244,2,BMI,F,136,-1.4436,17.4847,0.12882,,,11.677,12.861,14.045,15.536,17.485,20.163,24.131,30.776,37.42
245,2,BMI,F,137,-1.4389,17.5464,0.12914,,,11.706,12.896,14.087,15.586,17.546,20.241,24.234,30.92,37.606
246,2,BMI,F,138,-1.4339,17.6088,0.12946,,,11.734,12.931,14.129,15.637,17.609,20.32,24.338,31.064,37.79
247,2,BMI,F,139,-1.4288,17.6719,0.12978,,,11.763,12.967,14.171,15.688,17.672,20.4,24.442,31.209,37.975
248,2,BMI,F,140,-1.4235,17.7357,0.13009,,,11.792,13.003,14.214,15.74,17.736,20.48,24.546,31.351,38.155
249,2,BMI,F,141,-1.418,17.8001,0.1304,,,11.822,13.04,14.258,15.793,17.8,20.561,24.651,31.493,38.335
250,2,BMI,F,142,-1.4123,17.8651,0.1307,,,11.852,13.077,14.302,15.846,17.865,20.642,24.756,31.633,38.509
251,2,BMI,F,143,-1.4065,17.9306,0.13099,,,11.882,13.114,14.346,15.899,17.931,20.724,24.861,31.77,38.68
252,2,BMI,F,144,-1.4006,17.9966,0.13129,,,11.912,13.151,14.391,15.953,17.997,20.806,24.967,31.91,38.854
253,2,BMI,F,145,-1.3945,18.063,0.13158,,,11.942,13.189,14.436,16.008,18.063,20.889,25.072,32.047,39.023
254,2,BMI,F,146,-1.3883,18.1297,0.13186,,,11.973,13.227,14.481,16.062,18.13,20.972,25.177,32.182,39.187
255,2,BMI,F,147,-1.3819,18.1967,0.13214,,,12.003,13.265,14.526,16.117,18.197,21.055,25.282,32.316,39.35
256,2,BMI,F,148,-1.3755,18.2639,0.13241,,,12.034,13.303,14.572,16.172,18.264,21.138,25.387,32.448,39.509
257,2,BMI,F,149,-1.3689,18.3312,0.13268,,,12.065,13.341,14.618,16.227,18.331,21.222,25.491,32.579,39.666
258,2,BMI,F,150,-1.3621,18.3986,0.13295,,,12.095,13.379,14.663,16.282,18.399,21.305,25.596,32.708,39.82
259,2,BMI,F,151,-1.3553,18.466,0.13321,,,12.126,13.418,14.709,16.338,18.466,21.388,25.699,32.835,39.97
260,2,BMI,F,152,-1.3483,18.5333,0.13347,,,12.156,13.456,14.755,16.393,18.533,21.471,25.802,32.96,40.118
261,2,BMI,F,153,-1.3413,18.6006,0.13372,,,12.187,13.494,14.8,16.448,18.601,21.554,25.905,33.083,40.261
262,2,BMI,F,154,-1.3341,18.6677,0.13397,,,12.217,13.531,14.846,16.503,18.668,21.637,26.007,33.204,40.402
263,2,BMI,F,155,-1.3269,18.7346,0.13421,,,12.247,13.569,14.891,16.558,18.735,21.719,26.107,33.322,40.538
264,2,BMI,F,156,-1.3195,18.8012,0.13445,,,12.276,13.606,14.936,16.612,18.801,21.8,26.207,33.439,40.67
265,2,BMI,F,157,-1.3121,18.8675,0.13469,,,12.305,13.643,14.981,16.667,18.868,21.882,26.307,33.554,40.802
266,2,BMI,F,158,-1.3046,18.9335,0.13492,,,12.335,13.68,15.025,16.721,18.934,21.962,26.405,33.666,40.928
267,2,BMI,F,159,-1.297,18.9991,0.13514,,,12.364,13.717,15.07,16.775,18.999,22.042,26.501,33.775,41.048
268,2,BMI,F,160,-1.2894,19.0642,0.13537,,,12.392,13.753,15.113,16.828,19.064,22.122,26.598,33.884,41.171
269,2,BMI,F,161,-1.2816,19.1289,0.13559,,,12.42,13.788,15.157,16.881,19.129,22.201,26.693,33.989,41.286
270,2,BMI,F,162,-1.2739,19.1931,0.1358,,,12.447,13.824,15.2,16.934,19.193,22.279,26.786,34.092,41.397
271,2,BMI,F,163,-1.2661,19.2567,0.13601,,,12.475,13.859,15.243,16.986,19.257,22.357,26.879,34.192,41.506
272,2,BMI,F,164,-1.2583,19.3197,0.13622,,,12.501,13.893,15.285,17.037,19.32,22.433,26.97,34.292,41.614
273,2,BMI,F,165,-1.2504,19.382,0.13642,,,12.528,13.927,15.327,17.088,19.382,22.509,27.06,34.387,41.714
274,2,BMI,F,166,-1.2425,19.4437,0.13662,,,12.554,13.961,15.368,17.139,19.444,22.584,27.149,34.481,41.814
275,2,BMI,F,167,-1.2345,19.5045,0.13681,,,12.579,13.994,15.408,17.188,19.504,22.658,27.235,34.571,41.907
276,2,BMI,F,168,-1.2266,19.5647,0.137,,,12.604,14.026,15.448,17.238,19.565,22.731,27.321,34.66,41.999
277,2,BMI,F,169,-1.2186,19.624,0.13719,,,12.628,14.058,15.488,17.286,19.624,22.803,27.406,34.747,42.088
278,2,BMI,F,170,-1.2107,19.6824,0.13738,,,12.652,14.089,15.526,17.334,19.682,22.874,27.489,34.833,42.176
279,2,BMI,F,171,-1.2027,19.74,0.13756,,,12.675,14.119,15.564,17.38,19.74,22.943,27.57,34.914,42.258
280,2,BMI,F,172,-1.1947,19.7966,0.13774,,,12.697,14.149,15.601,17.427,19.797,23.012,27.65,34.994,42.338
281,2,BMI,F,173,-1.1867,19.8523,0.13791,,,12.719,14.179,15.638,17.472,19.852,23.079,27.727,35.07,42.412
282,2,BMI,F,174,-1.1788,19.907,0.13808,,,12.74,14.207,15.674,17.516,19.907,23.145,27.804,35.145,42.485
283,2,BMI,F,175,-1.1708,19.9607,0.13825,,,12.761,14.235,15.709,17.56,19.961,23.21,27.879,35.217,42.555
284,2,BMI,F,176,-1.1629,20.0133,0.13841,,,12.781,14.262,15.743,17.603,20.013,23.273,27.951,35.286,42.621
285,2,BMI,F,177,-1.1549,20.0648,0.13858,,,12.8,14.288,15.776,17.644,20.065,23.336,28.023,35.354,42.685
286,2,BMI,F,178,-1.147,20.1152,0.13873,,,12.819,14.314,15.809,17.685,20.115,23.396,28.091,35.417,42.743
287,2,BMI,F,179,-1.139,20.1644,0.13889,,,12.836,14.338,15.841,17.725,20.164,23.456,28.159,35.479,42.8
288,2,BMI,F,180,-1.1311,20.2125,0.13904,,,12.853,14.362,15.871,17.764,20.212,23.514,28.224,35.538,42.852
289,2,BMI,F,181,-1.1232,20.2595,0.1392,,,12.869,14.385,15.901,17.802,20.26,23.57,28.289,35.597,42.905
290,2,BMI,F,182,-1.1153,20.3053,0.13934,,,12.885,14.408,15.93,17.839,20.305,23.625,28.35,35.65,42.95
291,2,BMI,F,183,-1.1074,20.3499,0.13949,,,12.9,14.429,15.958,17.874,20.35,23.679,28.411,35.703,42.995
292,2,BMI,F,184,-1.0996,20.3934,0.13963,,,12.914,14.45,15.985,17.909,20.393,23.731,28.469,35.752,43.036
293,2,BMI,F,185,-1.0917,20.4357,0.13977,,,12.927,14.469,16.012,17.943,20.436,23.782,28.525,35.799,43.073
294,2,BMI,F,186,-1.0838,20.4769,0.13991,,,12.94,14.488,16.037,17.976,20.477,23.832,28.58,35.844,43.108
295,2,BMI,F,187,-1.076,20.517,0.14005,,,12.952,14.507,16.062,18.008,20.517,23.88,28.634,35.887,43.141
296,2,BMI,F,188,-1.0681,20.556,0.14018,,,12.963,14.524,16.085,18.039,20.556,23.927,28.684,35.927,43.169
297,2,BMI,F,189,-1.0603,20.5938,0.14031,,,12.973,14.541,16.108,18.069,20.594,23.972,28.734,35.964,43.195
298,2,BMI,F,190,-1.0525,20.6306,0.14044,,,12.983,14.557,16.13,18.098,20.631,24.017,28.782,36.0,43.219
299,2,BMI,F,191,-1.0447,20.6663,0.14057,,,12.992,14.572,16.151,18.126,20.666,24.06,28.828,36.034,43.241
300,2,BMI,F,192,-1.0368,20.7008,0.1407,,,13.0,14.586,16.172,18.153,20.701,24.101,28.873,36.066,43.259
301,2,BMI,F,193,-1.029,20.7344,0.14082,,,13.008,14.6,16.191,18.179,20.734,24.141,28.915,36.094,43.274
302,2,BMI,F,194,-1.0212,20.7668,0.14094,,,13.015,14.613,16.21,18.205,20.767,24.18,28.956,36.121,43.286
303,2,BMI,F,195,-1.0134,20.7982,0.14106,,,13.022,14.625,16.228,18.229,20.798,24.218,28.996,36.146,43.296
304,2,BMI,F,196,-1.0055,20.8286,0.14118,,,13.027,14.636,16.245,18.253,20.829,24.254,29.034,36.169,43.304
305,2,BMI,F,197,-0.9977,20.858,0.1413,,,13.032,14.647,16.261,18.275,20.858,24.29,29.07,36.19,43.31
306,2,BMI,F,198,-0.9898,20.8863,0.14142,,,13.036,14.656,16.277,18.297,20.886,24.324,29.105,36.209,43.313
307,2,BMI,F,199,-0.9819,20.9137,0.14153,,,13.04,14.666,16.291,18.318,20.914,24.356,29.138,36.225,43.312
308,2,BMI,F,200,-0.974,20.9401,0.14164,,,13.043,14.674,16.305,18.338,20.94,24.388,29.17,36.239,43.309
309,2,BMI,F,201,-0.9661,20.9656,0.14176,,,13.045,14.682,16.318,18.357,20.966,24.418,29.201,36.254,43.307
310,2,BMI,F,202,-0.9582,20.9901,0.14187,,,13.047,14.689,16.331,18.376,20.99,24.448,29.23,36.265,43.3
311,2,BMI,F,203,-0.9503,21.0138,0.14198,,,13.048,14.695,16.343,18.393,21.014,24.476,29.257,36.275,43.292
312,2,BMI,F,204,-0.9423,21.0367,0.14208,,,13.049,14.701,16.354,18.411,21.037,24.503,29.283,36.281,43.279
313,2,BMI,F,205,-0.9344,21.0587,0.14219,,,13.049,14.707,16.365,18.427,21.059,24.53,29.308,36.288,43.268
314,2,BMI,F,206,-0.9264,21.0801,0.1423,,,13.048,14.711,16.375,18.443,21.08,24.555,29.333,36.293,43.254
315,2,BMI,F,207,-0.9184,21.1007,0.1424,,,13.047,14.716,16.384,18.458,21.101,24.58,29.355,36.296,43.237
316,2,BMI,F,208,-0.9104,21.1206,0.1425,,,13.046,14.719,16.393,18.472,21.121,24.603,29.376,36.297,43.218
317,2,BMI,F,209,-0.9024,21.1399,0.14261,,,13.044,14.722,16.401,18.486,21.14,24.626,29.398,36.3,43.202
318,2,BMI,F,210,-0.8944,21.1586,0.14271,,,13.042,14.725,16.409,18.499,21.159,24.649,29.418,36.299,43.181
319,2,BMI,F,211,-0.8863,21.1768,0.14281,,,13.039,14.728,16.417,18.512,21.177,24.67,29.436,36.298,43.159
320,2,BMI,F,212,-0.8783,21.1944,0.14291,,,13.036,14.73,16.424,18.525,21.194,24.691,29.455,36.296,43.137
321,2,BMI,F,213,-0.8703,21.2116,0.14301,,,13.032,14.731,16.431,18.537,21.212,24.712,29.472,36.293,43.114
322,2,BMI,F,214,-0.8623,21.2282,0.14311,,,13.029,14.733,16.437,18.548,21.228,24.731,29.489,36.29,43.09
323,2,BMI,F,215,-0.8542,21.2444,0.1432,,,13.025,14.734,16.443,18.56,21.244,24.75,29.505,36.284,43.062
324,2,BMI,F,216,-0.8462,21.2603,0.1433,,,13.02,14.734,16.448,18.571,21.26,24.769,29.52,36.279,43.038
325,2,BMI,F,217,-0.8382,21.2757,0.1434,,,13.016,14.735,16.454,18.581,21.276,24.788,29.536,36.274,43.013
326,2,BMI,F,218,-0.8301,21.2908,0.14349,,,13.011,14.735,16.459,18.592,21.291,24.805,29.55,36.267,42.984
327,2,BMI,F,219,-0.8221,21.3055,0.14359,,,13.006,14.735,16.463,18.601,21.306,24.823,29.564,36.261,42.958
328,2,BMI,F,220,-0.814,21.32,0.14368,,,13.0,14.734,16.468,18.611,21.32,24.84,29.577,36.252,42.928
329,2,BMI,F,221,-0.806,21.3341,0.14377,,,12.995,14.734,16.473,18.621,21.334,24.856,29.589,36.244,42.899
330,2,BMI,F,222,-0.798,21.348,0.14386,,,12.989,14.733,16.477,18.63,21.348,24.873,29.602,36.235,42.869
331,2,BMI,F,223,-0.7899,21.3617,0.14396,,,12.983,14.732,16.48,18.639,21.362,24.889,29.614,36.228,42.841
332,2,BMI,F,224,-0.7819,21.3752,0.14405,,,12.977,14.731,16.484,18.648,21.375,24.905,29.626,36.219,42.812
333,2,BMI,F,225,-0.7738,21.3884,0.14414,,,12.971,14.729,16.488,18.657,21.388,24.92,29.637,36.209,42.781
334,2,BMI,F,226,-0.7658,21.4014,0.14423,,,12.964,14.728,16.491,18.665,21.401,24.935,29.649,36.2,42.751
335,2,BMI,F,227,-0.7577,21.4143,0.14432,,,12.958,14.726,16.494,18.673,21.414,24.951,29.659,36.19,42.72
336,2,BMI,F,228,-0.7496,21.4269,0.14441,,,12.951,14.724,16.497,18.681,21.427,24.965,29.67,36.179,42.689
337,3,HFA,M,61,1.0,110.2647,0.04164,4.5914,87.308,91.899,96.49,101.082,105.673,110.265,114.856,119.448,124.039,128.63
338,3,HFA,M,62,1.0,110.8006,0.04172,4.6226,87.688,92.31,96.933,101.555,106.178,110.801,115.423,120.046,124.668,129.291
339,3,HFA,M,63,1.0,111.3338,0.0418,4.6538,88.065,92.719,97.373,102.026,106.68,111.334,115.988,120.641,125.295,129.949
340,3,HFA,M,64,1.0,111.8636,0.04187,4.6837,88.445,93.129,97.812,102.496,107.18,111.864,116.547,121.231,125.915,130.599
341,3,HFA,M,65,1.0,112.3895,0.04195,4.7147,88.816,93.531,98.245,102.96,107.675,112.39,117.104,121.819,126.534,131.248
342,3,HFA,M,66,1.0,112.911,0.04203,4.7456,89.183,93.928,98.674,103.42,108.165,112.911,117.657,122.402,127.148,131.894
343,3,HFA,M,67,1.0,113.428,0.04211,4.7765,89.546,94.322,99.099,103.875,108.652,113.428,118.204,122.981,127.757,132.534
344,3,HFA,M,68,1.0,113.941,0.04218,4.806,89.911,94.717,99.523,104.329,109.135,113.941,118.747,123.553,128.359,133.165
345,3,HFA,M,69,1.0,114.45,0.04226,4.8367,90.267,95.103,99.94,104.777,109.613,114.45,119.287,124.123,128.96,133.797
346,3,HFA,M,70,1.0,114.9547,0.04234,4.8672,90.619,95.486,100.353,105.22,110.088,114.955,119.822,124.689,129.556,134.423
347,3,HFA,M,71,1.0,115.4549,0.04241,4.8964,90.973,95.869,100.766,105.662,110.558,115.455,120.351,125.248,130.144,135.041
348,3,HFA,M,72,1.0,115.9509,0.04249,4.9268,91.317,96.244,101.171,106.097,111.024,115.951,120.878,125.804,130.731,135.658
349,3,HFA,M,73,1.0,116.4432,0.04257,4.957,91.658,96.615,101.572,106.529,111.486,116.443,121.4,126.357,131.314,136.271
350,3,HFA,M,74,1.0,116.9325,0.04264,4.986,92.002,96.988,101.974,106.96,111.946,116.932,121.919,126.905,131.891,136.877
351,3,HFA,M,75,1.0,117.4196,0.04272,5.0162,92.339,97.355,102.371,107.387,112.403,117.42,122.436,127.452,132.468,137.484
352,3,HFA,M,76,1.0,117.9046,0.0428,5.0463,92.673,97.719,102.766,107.812,112.858,117.905,122.951,127.997,133.044,138.09
353,3,HFA,M,77,1.0,118.388,0.04287,5.0753,93.012,98.087,103.162,108.237,113.313,118.388,123.463,128.539,133.614,138.689
354,3,HFA,M,78,1.0,118.87,0.04295,5.1055,93.343,98.448,103.554,108.659,113.765,118.87,123.975,129.081,134.186,139.292
355,3,HFA,M,79,1.0,119.3508,0.04303,5.1357,93.672,98.808,103.944,109.079,114.215,119.351,124.486,129.622,134.758,139.893
356,3,HFA,M,80,1.0,119.8303,0.04311,5.1659,94.001,99.167,104.333,109.499,114.664,119.83,124.996,130.162,135.328,140.494
357,3,HFA,M,81,1.0,120.3085,0.04318,5.1949,94.334,99.529,104.724,109.919,115.114,120.308,125.503,130.698,135.893,141.088
358,3,HFA,M,82,1.0,120.7853,0.04326,5.2252,94.659,99.885,105.11,110.335,115.56,120.785,126.01,131.236,136.461,141.686
359,3,HFA,M,83,1.0,121.2604,0.04334,5.2554,94.983,100.239,105.494,110.75,116.005,121.26,126.516,131.771,137.027,142.282
360,3,HFA,M,84,1.0,121.7338,0.04342,5.2857,95.305,100.591,105.877,111.162,116.448,121.734,127.019,132.305,137.591,142.877
361,3,HFA,M,85,1.0,122.2053,0.0435,5.3159,95.626,100.942,106.258,111.573,116.889,122.205,127.521,132.837,138.153,143.469
362,3,HFA,M,86,1.0,122.675,0.04358,5.3462,95.944,101.29,106.636,111.983,117.329,122.675,128.021,133.367,138.714,144.06
363,3,HFA,M,87,1.0,123.1429,0.04366,5.3764,96.261,101.637,107.014,112.39,117.766,123.143,128.519,133.896,139.272,144.649
364,3,HFA,M,88,1.0,123.6092,0.04374,5.4067,96.576,101.983,107.389,112.796,118.203,123.609,129.016,134.423,139.829,145.236
365,3,HFA,M,89,1.0,124.0736,0.04382,5.4369,96.889,102.326,107.763,113.2,118.637,124.074,129.511,134.947,140.384,145.821
366,3,HFA,M,90,1.0,124.5361,0.0439,5.4671,97.2,102.668,108.135,113.602,119.069,124.536,130.003,135.47,140.938,146.405
367,3,HFA,M,91,1.0,124.9964,0.04398,5.4973,97.51,103.007,108.504,114.002,119.499,124.996,130.494,135.991,141.488,146.986
368,3,HFA,M,92,1.0,125.4545,0.04406,5.5275,97.817,103.344,108.872,114.399,119.927,125.454,130.982,136.51,142.037,147.565
369,3,HFA,M,93,1.0,125.9104,0.04414,5.5577,98.122,103.68,109.237,114.795,120.353,125.91,131.468,137.026,142.583,148.141
370,3,HFA,M,94,1.0,126.364,0.04422,5.5878,98.425,104.013,109.601,115.188,120.776,126.364,131.952,137.54,143.127,148.715
371,3,HFA,M,95,1.0,126.8156,0.0443,5.6179,98.726,104.344,109.962,115.58,121.198,126.816,132.434,138.051,143.669,149.287
372,3,HFA,M,96,1.0,127.2651,0.04438,5.648,99.025,104.673,110.321,115.969,121.617,127.265,132.913,138.561,144.209,149.857
373,3,HFA,M,97,1.0,127.7129,0.04446,5.6781,99.322,105.0,110.679,116.357,122.035,127.713,133.391,139.069,144.747,150.425
374,3,HFA,M,98,1.0,128.159,0.04454,5.7082,99.618,105.326,111.034,116.743,122.451,128.159,133.867,139.575,145.284,150.992
375,3,HFA,M,99,1.0,128.6034,0.04462,5.7383,99.912,105.65,111.389,117.127,122.865,128.603,134.342,140.08,145.818,151.557
376,3,HFA,M,100,1.0,129.0466,0.0447,5.7684,100.205,105.973,111.741,117.51,123.278,129.047,134.815,140.583,146.352,152.12
377,3,HFA,M,101,1.0,129.4887,0.04478,5.7985,100.496,106.295,112.093,117.892,123.69,129.489,135.287,141.086,146.884,152.683
378,3,HFA,M,102,1.0,129.93,0.04487,5.83,100.78,106.61,112.44,118.27,124.1,129.93,135.76,141.59,147.42,153.25
379,3,HFA,M,103,1.0,130.3705,0.04495,5.8602,101.07,106.93,112.79,118.65,124.51,130.37,136.231,142.091,147.951,153.811
380,3,HFA,M,104,1.0,130.8103,0.04503,5.8904,101.358,107.249,113.139,119.03,124.92,130.81,136.701,142.591,148.481,154.372
381,3,HFA,M,105,1.0,131.2495,0.04511,5.9207,101.646,107.567,113.488,119.408,125.329,131.25,137.17,143.091,149.011,154.932
382,3,HFA,M,106,1.0,131.6884,0.04519,5.951,101.933,107.884,113.835,119.786,125.737,131.688,137.639,143.59,149.541,155.492
383,3,HFA,M,107,1.0,132.1269,0.04527,5.9814,102.22,108.201,114.183,120.164,126.146,132.127,138.108,144.09,150.071,156.052
384,3,HFA,M,108,1.0,132.5652,0.04535,6.0118,102.506,108.518,114.53,120.542,126.553,132.565,138.577,144.589,150.601,156.613
385,3,HFA,M,109,1.0,133.0031,0.04543,6.0423,102.791,108.834,114.876,120.918,126.961,133.003,139.045,145.088,151.13,157.172
386,3,HFA,M,110,1.0,133.4404,0.04551,6.0729,103.076,109.149,115.222,121.295,127.368,133.44,139.513,145.586,151.659,157.732
387,3,HFA,M,111,1.0,133.877,0.04559,6.1035,103.36,109.463,115.567,121.67,127.774,133.877,139.98,146.084,152.187,158.291
388,3,HFA,M,112,1.0,134.313,0.04566,6.1327,103.649,109.782,115.915,122.048,128.18,134.313,140.446,146.578,152.711,158.844
389,3,HFA,M,113,1.0,134.7483,0.04574,6.1634,103.931,110.095,116.258,122.422,128.585,134.748,140.912,147.075,153.238,159.402
390,3,HFA,M,114,1.0,135.1829,0.04582,6.1941,104.212,110.407,116.601,122.795,128.989,135.183,141.377,147.571,153.765,159.959
391,3,HFA,M,115,1.0,135.6168,0.04589,6.2235,104.5,110.723,116.946,123.17,129.393,135.617,141.84,148.064,154.287,160.511
392,3,HFA,M,116,1.0,136.0501,0.04597,6.2542,104.779,111.033,117.287,123.542,129.796,136.05,142.304,148.559,154.813,161.067
393,3,HFA,M,117,1.0,136.4829,0.04604,6.2837,105.065,111.348,117.632,123.916,130.199,136.483,142.767,149.05,155.334,161.618
394,3,HFA,M,118,1.0,136.9153,0.04612,6.3145,105.343,111.657,117.972,124.286,130.601,136.915,143.23,149.544,155.859,162.173
395,3,HFA,M,119,1.0,137.3474,0.04619,6.3441,105.627,111.971,118.315,124.659,131.003,137.347,143.691,150.036,156.38,162.724
396,3,HFA,M,120,1.0,137.7795,0.04626,6.3737,105.911,112.285,118.658,125.032,131.406,137.78,144.153,150.527,156.901,163.274
397,3,HFA,M,121,1.0,138.2119,0.04633,6.4034,106.195,112.598,119.002,125.405,131.809,138.212,144.615,151.019,157.422,163.825
398,3,HFA,M,122,1.0,138.6452,0.0464,6.4331,106.48,112.913,119.346,125.779,132.212,138.645,145.078,151.511,157.945,164.378
399,3,HFA,M,123,1.0,139.0797,0.04647,6.463,106.765,113.228,119.691,126.154,132.617,139.08,145.543,152.006,158.469,164.932
400,3,HFA,M,124,1.0,139.5158,0.04654,6.4931,107.05,113.544,120.037,126.53,133.023,139.516,146.009,152.502,158.995,165.488
401,3,HFA,M,125,1.0,139.954,0.04661,6.5233,107.338,113.861,120.384,126.907,133.431,139.954,146.477,153.001,159.524,166.047
402,3,HFA,M,126,1.0,140.3948,0.04667,6.5522,107.634,114.186,120.738,127.29,133.843,140.395,146.947,153.499,160.051,166.604
403,3,HFA,M,127,1.0,140.8387,0.04674,6.5828,107.925,114.507,121.09,127.673,134.256,140.839,147.422,154.004,160.587,167.17
404,3,HFA,M,128,1.0,141.2859,0.0468,6.6122,108.225,114.837,121.449,128.062,134.674,141.286,147.898,154.51,161.122,167.735
405,3,HFA,M,129,1.0,141.7368,0.04686,6.6418,108.528,115.17,121.811,128.453,135.095,141.737,148.379,155.02,161.662,168.304
406,3,HFA,M,130,1.0,142.1916,0.04692,6.6716,108.833,115.505,122.177,128.848,135.52,142.192,148.863,155.535,162.206,168.878
407,3,HFA,M,131,1.0,142.6501,0.04698,6.7017,109.142,115.843,122.545,129.247,135.948,142.65,149.352,156.054,162.755,169.457
408,3,HFA,M,132,1.0,143.1126,0.04703,6.7306,109.46,116.19,122.921,129.651,136.382,143.113,149.843,156.574,163.304,170.035
409,3,HFA,M,133,1.0,143.5795,0.04709,6.7612,109.774,116.535,123.296,130.057,136.818,143.58,150.341,157.102,163.863,170.624
410,3,HFA,M,134,1.0,144.0511,0.04714,6.7906,110.098,116.889,123.679,130.47,137.261,144.051,150.842,157.632,164.423,171.213
411,3,HFA,M,135,1.0,144.5276,0.04719,6.8203,110.426,117.247,124.067,130.887,137.707,144.528,151.348,158.168,164.988,171.809
412,3,HFA,M,136,1.0,145.0093,0.04723,6.8488,110.765,117.614,124.463,131.312,138.161,145.009,151.858,158.707,165.556,172.404
413,3,HFA,M,137,1.0,145.4964,0.04728,6.8791,111.101,117.98,124.859,131.738,138.617,145.496,152.375,159.255,166.134,173.013
414,3,HFA,M,138,1.0,145.9891,0.04732,6.9082,111.448,118.356,125.264,132.173,139.081,145.989,152.897,159.806,166.714,173.622
415,3,HFA,M,139,1.0,146.4878,0.04736,6.9377,111.799,118.737,125.675,132.612,139.55,146.488,153.425,160.363,167.301,174.238
416,3,HFA,M,140,1.0,146.9927,0.0474,6.9675,112.155,119.123,126.09,133.058,140.025,146.993,153.96,160.928,167.895,174.863
417,3,HFA,M,141,1.0,147.5041,0.04744,6.9976,112.516,119.514,126.511,133.509,140.507,147.504,154.502,161.499,168.497,175.494
418,3,HFA,M,142,1.0,148.0224,0.04747,7.0266,112.889,119.916,126.943,133.969,140.996,148.022,155.049,162.076,169.102,176.129
419,3,HFA,M,143,1.0,148.5478,0.0475,7.056,113.268,120.324,127.38,134.436,141.492,148.548,155.604,162.66,169.716,176.772
420,3,HFA,M,144,1.0,149.0807,0.04753,7.0858,113.652,120.737,127.823,134.909,141.995,149.081,156.167,163.252,170.338,177.424
421,3,HFA,M,145,1.0,149.6212,0.04755,7.1145,114.049,121.163,128.278,135.392,142.507,149.621,156.736,163.85,170.965,178.079
422,3,HFA,M,146,1.0,150.1694,0.04758,7.1451,114.444,121.589,128.734,135.879,143.024,150.169,157.314,164.46,171.605,178.75
423,3,HFA,M,147,1.0,150.7256,0.04759,7.173,114.86,122.033,129.207,136.38,143.553,150.726,157.899,165.072,172.245,179.418
424,3,HFA,M,148,1.0,151.2899,0.04761,7.2029,115.275,122.478,129.681,136.884,144.087,151.29,158.493,165.696,172.899,180.102
425,3,HFA,M,149,1.0,151.8623,0.04762,7.2317,115.704,122.936,130.167,137.399,144.631,151.862,159.094,166.326,173.557,180.789
426,3,HFA,M,150,1.0,152.4425,0.04763,7.2608,116.138,123.399,130.66,137.921,145.182,152.442,159.703,166.964,174.225,181.486
427,3,HFA,M,151,1.0,153.0298,0.04763,7.2888,116.586,123.875,131.163,138.452,145.741,153.03,160.319,167.607,174.896,182.185
428,3,HFA,M,152,1.0,153.6234,0.04764,7.3186,117.03,124.349,131.668,138.986,146.305,153.623,160.942,168.261,175.579,182.898
429,3,HFA,M,153,1.0,154.2223,0.04763,7.3456,117.494,124.84,132.185,139.531,146.877,154.222,161.568,168.914,176.259,183.605
430,3,HFA,M,154,1.0,154.8258,0.04763,7.3744,117.954,125.328,132.703,140.077,147.451,154.826,162.2,169.575,176.949,184.323
431,3,HFA,M,155,1.0,155.4329,0.04762,7.4017,118.424,125.826,133.228,140.629,148.031,155.433,162.835,170.236,177.638,185.04
432,3,HFA,M,156,1.0,156.0426,0.0476,7.4276,118.904,126.332,133.76,141.187,148.615,156.043,163.47,170.898,178.325,185.753
433,3,HFA,M,157,1.0,156.6539,0.04758,7.4536,119.386,126.84,134.293,141.747,149.2,156.654,164.107,171.561,179.015,186.468
434,3,HFA,M,158,1.0,157.266,0.04756,7.4796,119.868,127.348,134.827,142.307,149.786,157.266,164.746,172.225,179.705,187.184
435,3,HFA,M,159,1.0,157.8775,0.04754,7.5055,120.35,127.856,135.361,142.867,150.372,157.878,165.383,172.888,180.394,187.899
436,3,HFA,M,160,1.0,158.4871,0.04751,7.5297,120.838,128.368,135.898,143.428,150.957,158.487,166.017,173.547,181.076,188.606
437,3,HFA,M,161,1.0,159.0937,0.04747,7.5522,121.333,128.885,136.437,143.989,151.542,159.094,166.646,174.198,181.75,189.302
438,3,HFA,M,162,1.0,159.6962,0.04744,7.576,121.816,129.392,136.968,144.544,152.12,159.696,167.272,174.848,182.424,190.0
439,3,HFA,M,163,1.0,160.2939,0.0474,7.5979,122.304,129.902,137.5,145.098,152.696,160.294,167.892,175.49,183.088,190.686
440,3,HFA,M,164,1.0,160.8861,0.04735,7.618,122.796,130.414,138.032,145.65,153.268,160.886,168.504,176.122,183.74,191.358
441,3,HFA,M,165,1.0,161.472,0.0473,7.6376,123.284,130.921,138.559,146.197,153.834,161.472,169.11,176.747,184.385,192.023
442,3,HFA,M,166,1.0,162.0505,0.04725,7.6569,123.766,131.423,139.08,146.737,154.394,162.05,169.707,177.364,185.021,192.678
443,3,HFA,M,167,1.0,162.6207,0.0472,7.6757,124.242,131.918,139.594,147.269,154.945,162.621,170.296,177.972,185.648,193.323
444,3,HFA,M,168,1.0,163.1816,0.04714,7.6924,124.72,132.412,140.104,147.797,155.489,163.182,170.874,178.566,186.259,193.951
445,3,HFA,M,169,1.0,163.7321,0.04707,7.7069,125.198,132.905,140.611,148.318,156.025,163.732,171.439,179.146,186.853,194.56
446,3,HFA,M,170,1.0,164.2717,0.04701,7.7224,125.66,133.382,141.104,148.827,156.549,164.272,171.994,179.717,187.439,195.161
447,3,HFA,M,171,1.0,164.7994,0.04694,7.7357,126.121,133.857,141.592,149.328,157.064,164.799,172.535,180.271,188.006,195.742
448,3,HFA,M,172,1.0,165.3145,0.04687,7.7483,126.573,134.321,142.07,149.818,157.566,165.314,173.063,180.811,188.559,196.308
449,3,HFA,M,173,1.0,165.8165,0.04679,7.7586,127.024,134.782,142.541,150.299,158.058,165.816,173.575,181.334,189.092,196.851
450,3,HFA,M,174,1.0,166.305,0.04671,7.7681,127.464,135.233,143.001,150.769,158.537,166.305,174.073,181.841,189.609,197.377
451,3,HFA,M,175,1.0,166.7799,0.04663,7.7769,127.895,135.672,143.449,151.226,159.003,166.78,174.557,182.334,190.111,197.888
452,3,HFA,M,176,1.0,167.2415,0.04655,7.7851,128.316,136.101,143.886,151.671,159.456,167.242,175.027,182.812,190.597,198.382
453,3,HFA,M,177,1.0,167.6899,0.04646,7.7909,128.736,136.526,144.317,152.108,159.899,167.69,175.481,183.272,191.063,198.853
454,3,HFA,M,178,1.0,168.1255,0.04637,7.796,129.146,136.942,144.738,152.534,160.33,168.126,175.921,183.717,191.513,199.309
455,3,HFA,M,179,1.0,168.5482,0.04628,7.8004,129.546,137.347,145.147,152.947,160.748,168.548,176.349,184.149,191.949,199.75
456,3,HFA,M,180,1.0,168.958,0.04619,7.8042,129.937,137.741,145.545,153.35,161.154,168.958,176.762,184.566,192.371,200.175
457,3,HFA,M,181,1.0,169.3549,0.04609,7.8056,130.327,138.133,145.938,153.744,161.549,169.355,177.16,184.966,192.772,200.577
458,3,HFA,M,182,1.0,169.7389,0.04599,7.8063,130.707,138.514,146.32,154.126,161.933,169.739,177.545,185.351,193.158,200.964
459,3,HFA,M,183,1.0,170.1099,0.04589,7.8063,131.078,138.885,146.691,154.497,162.304,170.11,177.916,185.723,193.529,201.335
460,3,HFA,M,184,1.0,170.468,0.04579,7.8057,131.439,139.245,147.051,154.857,162.662,170.468,178.274,186.079,193.885,201.691
461,3,HFA,M,185,1.0,170.8136,0.04569,7.8045,131.791,139.596,147.4,155.205,163.009,170.814,178.618,186.423,194.227,202.031
462,3,HFA,M,186,1.0,171.1468,0.04559,7.8026,132.134,139.936,147.739,155.542,163.344,171.147,178.949,186.752,194.555,202.357
463,3,HFA,M,187,1.0,171.468,0.04548,7.7984,132.476,140.275,148.073,155.871,163.67,171.468,179.266,187.065,194.863,202.661
464,3,HFA,M,188,1.0,171.7773,0.04538,7.7953,132.801,140.596,148.392,156.187,163.982,171.777,179.573,187.368,195.163,202.958
465,3,HFA,M,189,1.0,172.0748,0.04527,7.7898,133.126,140.915,148.705,156.495,164.285,172.075,179.865,187.654,195.444,203.234
466,3,HFA,M,190,1.0,172.3606,0.04516,7.7838,133.442,141.225,149.009,156.793,164.577,172.361,180.144,187.928,195.712,203.496
467,3,HFA,M,191,1.0,172.6345,0.04506,7.7789,133.74,141.519,149.298,157.077,164.856,172.634,180.413,188.192,195.971,203.75
468,3,HFA,M,192,1.0,172.8967,0.04495,7.7717,134.038,141.81,149.582,157.353,165.125,172.897,180.668,188.44,196.212,203.984
469,3,HFA,M,193,1.0,173.147,0.04484,7.7639,134.327,142.091,149.855,157.619,165.383,173.147,180.911,188.675,196.439,204.203
470,3,HFA,M,194,1.0,173.3856,0.04473,7.7555,134.608,142.363,150.119,157.875,165.63,173.386,181.141,188.897,196.652,204.408
471,3,HFA,M,195,1.0,173.6126,0.04462,7.7466,134.88,142.626,150.373,158.119,165.866,173.613,181.359,189.106,196.852,204.599
472,3,HFA,M,196,1.0,173.828,0.04451,7.7371,135.143,142.88,150.617,158.354,166.091,173.828,181.565,189.302,197.039,204.776
473,3,HFA,M,197,1.0,174.0321,0.0444,7.727,135.397,143.124,150.851,158.578,166.305,174.032,181.759,189.486,197.213,204.94
474,3,HFA,M,198,1.0,174.2251,0.04429,7.7164,135.643,143.359,151.076,158.792,166.509,174.225,181.942,189.658,197.374,205.091
475,3,HFA,M,199,1.0,174.4071,0.04418,7.7053,135.881,143.586,151.291,158.996,166.702,174.407,182.112,189.818,197.523,205.228
476,3,HFA,M,200,1.0,174.5784,0.04407,7.6937,136.11,143.804,151.497,159.191,166.885,174.578,182.272,189.966,197.659,205.353
477,3,HFA,M,201,1.0,174.7392,0.04396,7.6815,136.332,144.013,151.695,159.376,167.058,174.739,182.421,190.102,197.784,205.465
478,3,HFA,M,202,1.0,174.8896,0.04385,7.6689,136.545,144.214,151.883,159.552,167.221,174.89,182.559,190.227,197.896,205.565
479,3,HFA,M,203,1.0,175.0301,0.04375,7.6576,136.742,144.4,152.057,159.715,167.373,175.03,182.688,190.345,198.003,205.66
480,3,HFA,M,204,1.0,175.1609,0.04364,7.644,136.941,144.585,152.229,159.873,167.517,175.161,182.805,190.449,198.093,205.737
481,3,HFA,M,205,1.0,175.2824,0.04353,7.63,137.132,144.762,152.392,160.022,167.652,175.282,182.912,190.542,198.173,205.803
482,3,HFA,M,206,1.0,175.3951,0.04343,7.6174,137.308,144.925,152.543,160.16,167.778,175.395,183.013,190.63,198.247,205.865
483,3,HFA,M,207,1.0,175.4995,0.04332,7.6026,137.486,145.089,152.692,160.294,167.897,175.5,183.102,190.705,198.307,205.91
484,3,HFA,M,208,1.0,175.5959,0.04322,7.5893,137.65,145.239,152.828,160.417,168.007,175.596,183.185,190.774,198.364,205.953
485,3,HFA,M,209,1.0,175.685,0.04311,7.5738,137.816,145.39,152.964,160.537,168.111,175.685,183.259,190.833,198.406,205.98
486,3,HFA,M,210,1.0,175.7672,0.04301,7.5597,137.968,145.528,153.088,160.648,168.207,175.767,183.327,190.887,198.446,206.006
487,3,HFA,M,211,1.0,175.8432,0.04291,7.5454,138.116,145.661,153.207,160.752,168.298,175.843,183.389,190.934,198.479,206.025
488,3,HFA,M,212,1.0,175.9133,0.04281,7.5308,138.259,145.79,153.321,160.852,168.382,175.913,183.444,190.975,198.506,206.037
489,3,HFA,M,213,1.0,175.9781,0.04271,7.516,138.398,145.914,153.43,160.946,168.462,175.978,183.494,191.01,198.526,206.042
490,3,HFA,M,214,1.0,176.038,0.04261,7.501,138.533,146.034,153.535,161.036,168.537,176.038,183.539,191.04,198.541,206.042
491,3,HFA,M,215,1.0,176.0935,0.04251,7.4857,138.665,146.151,153.636,161.122,168.608,176.094,183.579,191.065,198.551,206.036
492,3,HFA,M,216,1.0,176.1449,0.04241,7.4703,138.793,146.264,153.734,161.204,168.675,176.145,183.615,191.086,198.556,206.026
493,3,HFA,M,217,1.0,176.1925,0.04232,7.4565,138.91,146.367,153.823,161.28,168.736,176.192,183.649,191.105,198.562,206.018
494,3,HFA,M,218,1.0,176.2368,0.04222,7.4407,139.033,146.474,153.915,161.355,168.796,176.237,183.678,191.118,198.559,206.0
495,3,HFA,M,219,1.0,176.2779,0.04213,7.4266,139.145,146.572,153.998,161.425,168.851,176.278,183.704,191.131,198.558,205.984
496,3,HFA,M,220,1.0,176.3162,0.04204,7.4123,139.255,146.667,154.079,161.492,168.904,176.316,183.729,191.141,198.553,205.966
497,3,HFA,M,221,1.0,176.3518,0.04195,7.398,139.362,146.76,154.158,161.556,168.954,176.352,183.75,191.148,198.546,205.944
498,3,HFA,M,222,1.0,176.3851,0.04185,7.3817,139.477,146.858,154.24,161.622,169.003,176.385,183.767,191.149,198.53,205.912
499,3,HFA,M,223,1.0,176.4162,0.04177,7.3689,139.572,146.941,154.309,161.678,169.047,176.416,183.785,191.154,198.523,205.892
500,3,HFA,M,224,1.0,176.4453,0.04168,7.3542,139.674,147.028,154.383,161.737,169.091,176.445,183.8,191.154,198.508,205.862
501,3,HFA,M,225,1.0,176.4724,0.04159,7.3395,139.775,147.114,154.454,161.793,169.133,176.472,183.812,191.151,198.491,205.83
502,3,HFA,M,226,1.0,176.4976,0.0415,7.3247,139.874,147.199,154.524,161.848,169.173,176.498,183.822,191.147,198.472,205.796
503,3,HFA,M,227,1.0,176.5211,0.04142,7.3115,139.964,147.275,154.587,161.898,169.21,176.521,183.833,191.144,198.456,205.767
504,3,HFA,M,228,1.0,176.5432,0.04134,7.2983,140.052,147.35,154.648,161.947,169.245,176.543,183.841,191.14,198.438,205.736
505,4,HFA,F,61,1.0,109.6016,0.04355,4.7731,85.736,90.509,95.282,100.055,104.828,109.602,114.375,119.148,123.921,128.694
506,4,HFA,F,62,1.0,110.1258,0.04364,4.8059,86.096,90.902,95.708,100.514,105.32,110.126,114.932,119.738,124.543,129.349
507,4,HFA,F,63,1.0,110.6451,0.04373,4.8385,86.453,91.291,96.13,100.968,105.807,110.645,115.484,120.322,125.161,129.999
508,4,HFA,F,64,1.0,111.1596,0.04382,4.871,86.805,91.676,96.547,101.418,106.289,111.16,116.031,120.902,125.773,130.644
509,4,HFA,F,65,1.0,111.6696,0.0439,4.9023,87.158,92.06,96.963,101.865,106.767,111.67,116.572,121.474,126.376,131.279
510,4,HFA,F,66,1.0,112.1753,0.04399,4.9346,87.502,92.437,97.372,102.306,107.241,112.175,117.11,122.044,126.979,131.914
511,4,HFA,F,67,1.0,112.6767,0.04407,4.9657,87.848,92.814,97.78,102.745,107.711,112.677,117.642,122.608,127.574,132.539
512,4,HFA,F,68,1.0,113.174,0.04415,4.9966,88.191,93.187,98.184,103.181,108.177,113.174,118.171,123.167,128.164,133.161
513,4,HFA,F,69,1.0,113.6672,0.04423,5.0275,88.53,93.557,98.585,103.612,108.64,113.667,118.695,123.722,128.75,133.777
514,4,HFA,F,70,1.0,114.1565,0.04431,5.0583,88.865,93.923,98.982,104.04,109.098,114.156,119.215,124.273,129.331,134.39
515,4,HFA,F,71,1.0,114.6421,0.04439,5.089,89.197,94.286,99.375,104.464,109.553,114.642,119.731,124.82,129.909,134.998
516,4,HFA,F,72,1.0,115.1244,0.04447,5.1196,89.526,94.646,99.766,104.885,110.005,115.124,120.244,125.364,130.483,135.603
517,4,HFA,F,73,1.0,115.6039,0.04454,5.149,89.859,95.008,100.157,105.306,110.455,115.604,120.753,125.902,131.051,136.2
518,4,HFA,F,74,1.0,116.0812,0.04461,5.1784,90.189,95.368,100.546,105.724,110.903,116.081,121.26,126.438,131.616,136.795
519,4,HFA,F,75,1.0,116.5568,0.04469,5.2089,90.512,95.721,100.93,106.139,111.348,116.557,121.766,126.975,132.184,137.392
520,4,HFA,F,76,1.0,117.0311,0.04475,5.2371,90.845,96.083,101.32,106.557,111.794,117.031,122.268,127.505,132.743,137.98
521,4,HFA,F,77,1.0,117.5044,0.04482,5.2665,91.172,96.438,101.705,106.971,112.238,117.504,122.771,128.037,133.304,138.571
522,4,HFA,F,78,1.0,117.9769,0.04489,5.296,91.497,96.793,102.089,107.385,112.681,117.977,123.273,128.569,133.865,139.161
523,4,HFA,F,79,1.0,118.4489,0.04495,5.3243,91.828,97.152,102.476,107.8,113.125,118.449,123.773,129.097,134.422,139.746
524,4,HFA,F,80,1.0,118.9208,0.04502,5.3538,92.152,97.506,102.859,108.213,113.567,118.921,124.275,129.628,134.982,140.336
525,4,HFA,F,81,1.0,119.3926,0.04508,5.3822,92.482,97.864,103.246,108.628,114.01,119.393,124.775,130.157,135.539,140.921
526,4,HFA,F,82,1.0,119.8648,0.04514,5.4107,92.811,98.222,103.633,109.043,114.454,119.865,125.275,130.686,136.097,141.508
527,4,HFA,F,83,1.0,120.3374,0.0452,5.4393,93.141,98.58,104.02,109.459,114.898,120.337,125.777,131.216,136.655,142.094
528,4,HFA,F,84,1.0,120.8105,0.04525,5.4667,93.477,98.944,104.41,109.877,115.344,120.81,126.277,131.744,137.211,142.677
529,4,HFA,F,85,1.0,121.2843,0.04531,5.4954,93.807,99.303,104.798,110.294,115.789,121.284,126.78,132.275,137.77,143.266
530,4,HFA,F,86,1.0,121.7587,0.04536,5.523,94.144,99.667,105.19,110.713,116.236,121.759,127.282,132.805,138.328,143.851
531,4,HFA,F,87,1.0,122.2338,0.04542,5.5519,94.475,100.026,105.578,111.13,116.682,122.234,127.786,133.338,138.889,144.441
532,4,HFA,F,88,1.0,122.7098,0.04547,5.5796,94.812,100.391,105.971,111.551,117.13,122.71,128.289,133.869,139.449,145.028
533,4,HFA,F,89,1.0,123.1868,0.04551,5.6062,95.156,100.762,106.368,111.974,117.581,123.187,128.793,134.399,140.005,145.612
534,4,HFA,F,90,1.0,123.6646,0.04556,5.6342,95.494,101.128,106.762,112.396,118.03,123.665,129.299,134.933,140.567,146.201
535,4,HFA,F,91,1.0,124.1435,0.04561,5.6622,95.833,101.495,107.157,112.819,118.481,124.144,129.806,135.468,141.13,146.792
536,4,HFA,F,92,1.0,124.6234,0.04565,5.6891,96.178,101.867,107.556,113.245,118.934,124.623,130.312,136.002,141.691,147.38
537,4,HFA,F,93,1.0,125.1045,0.04569,5.716,96.524,102.24,107.956,113.672,119.388,125.104,130.821,136.537,142.253,147.969
538,4,HFA,F,94,1.0,125.5869,0.04573,5.7431,96.871,102.615,108.358,114.101,119.844,125.587,131.33,137.073,142.816,148.559
539,4,HFA,F,95,1.0,126.0706,0.04577,5.7703,97.219,102.99,108.76,114.53,120.3,126.071,131.841,137.611,143.381,149.152
540,4,HFA,F,96,1.0,126.5558,0.04581,5.7975,97.568,103.366,109.163,114.961,120.758,126.556,132.353,138.151,143.948,149.746
541,4,HFA,F,97,1.0,127.0424,0.04585,5.8249,97.918,103.743,109.568,115.393,121.218,127.042,132.867,138.692,144.517,150.342
542,4,HFA,F,98,1.0,127.5304,0.04588,5.8511,98.275,104.126,109.977,115.828,121.679,127.53,133.381,139.233,145.084,150.935
543,4,HFA,F,99,1.0,128.0199,0.04591,5.8774,98.633,104.51,110.388,116.265,122.143,128.02,133.897,139.775,145.652,151.529
544,4,HFA,F,100,1.0,128.5109,0.04594,5.9038,98.992,104.896,110.8,116.703,122.607,128.511,134.415,140.318,146.222,152.126
545,4,HFA,F,101,1.0,129.0035,0.04597,5.9303,99.352,105.282,111.213,117.143,123.073,129.004,134.934,140.864,146.794,152.725
546,4,HFA,F,102,1.0,129.4975,0.046,5.9569,99.713,105.67,111.627,117.584,123.541,129.498,135.454,141.411,147.368,153.325
547,4,HFA,F,103,1.0,129.9932,0.04602,5.9823,100.082,106.064,112.046,118.029,124.011,129.993,135.975,141.958,147.94,153.922
548,4,HFA,F,104,1.0,130.4904,0.04604,6.0078,100.452,106.459,112.467,118.475,124.483,130.49,136.498,142.506,148.514,154.522
549,4,HFA,F,105,1.0,130.9891,0.04607,6.0347,100.816,106.85,112.885,118.92,124.954,130.989,137.024,143.058,149.093,155.128
550,4,HFA,F,106,1.0,131.4895,0.04608,6.059,101.194,107.253,113.312,119.371,125.43,131.49,137.549,143.608,149.667,155.726
551,4,HFA,F,107,1.0,131.9912,0.0461,6.0848,101.567,107.652,113.737,119.822,125.906,131.991,138.076,144.161,150.246,156.33
552,4,HFA,F,108,1.0,132.4944,0.04612,6.1106,101.941,108.052,114.162,120.273,126.384,132.494,138.605,144.716,150.826,156.937
553,4,HFA,F,109,1.0,132.9989,0.04613,6.1352,102.323,108.458,114.593,120.728,126.864,132.999,139.134,145.269,151.405,157.54
554,4,HFA,F,110,1.0,133.5046,0.04614,6.1599,102.705,108.865,115.025,121.185,127.345,133.505,139.665,145.824,151.984,158.144
555,4,HFA,F,111,1.0,134.0118,0.04615,6.1846,103.089,109.273,115.458,121.643,127.827,134.012,140.196,146.381,152.566,158.75
556,4,HFA,F,112,1.0,134.5202,0.04616,6.2095,103.473,109.682,115.892,122.101,128.311,134.52,140.73,146.939,153.149,159.358
557,4,HFA,F,113,1.0,135.0299,0.04616,6.233,103.865,110.098,116.331,122.564,128.797,135.03,141.263,147.496,153.729,159.962
558,4,HFA,F,114,1.0,135.541,0.04617,6.2579,104.251,110.509,116.767,123.025,129.283,135.541,141.799,148.057,154.315,160.573
559,4,HFA,F,115,1.0,136.0533,0.04617,6.2816,104.645,110.927,117.209,123.49,129.772,136.053,142.335,148.616,154.898,161.18
560,4,HFA,F,116,1.0,136.567,0.04616,6.3039,105.047,111.351,117.655,123.959,130.263,136.567,142.871,149.175,155.479,161.783
561,4,HFA,F,117,1.0,137.0821,0.04616,6.3277,105.444,111.771,118.099,124.427,130.754,137.082,143.41,149.738,156.065,162.393
562,4,HFA,F,118,1.0,137.5987,0.04616,6.3516,105.841,112.192,118.544,124.896,131.247,137.599,143.95,150.302,156.653,163.005
563,4,HFA,F,119,1.0,138.1167,0.04615,6.3741,106.246,112.62,118.994,125.369,131.743,138.117,144.491,150.865,157.239,163.613
564,4,HFA,F,120,1.0,138.6363,0.04614,6.3967,106.653,113.05,119.446,125.843,132.24,138.636,145.033,151.43,157.826,164.223
565,4,HFA,F,121,1.0,139.1575,0.04612,6.4179,107.068,113.486,119.904,126.322,132.74,139.158,145.575,151.993,158.411,164.829
566,4,HFA,F,122,1.0,139.6803,0.04611,6.4407,107.477,113.918,120.358,126.799,133.24,139.68,146.121,152.562,159.002,165.443
567,4,HFA,F,123,1.0,140.2049,0.04609,6.462,107.895,114.357,120.819,127.281,133.743,140.205,146.667,153.129,159.591,166.053
568,4,HFA,F,124,1.0,140.7313,0.04607,6.4835,108.314,114.797,121.281,127.764,134.248,140.731,147.215,153.698,160.182,166.665
569,4,HFA,F,125,1.0,141.2594,0.04605,6.505,108.734,115.239,121.744,128.249,134.754,141.259,147.764,154.269,160.774,167.279
570,4,HFA,F,126,1.0,141.7892,0.04603,6.5266,109.156,115.683,122.21,128.736,135.263,141.789,148.316,154.842,161.369,167.895
571,4,HFA,F,127,1.0,142.3206,0.046,6.5467,109.587,116.134,122.68,129.227,135.774,142.321,148.867,155.414,161.961,168.508
572,4,HFA,F,128,1.0,142.8534,0.04597,6.567,110.019,116.586,123.152,129.719,136.286,142.853,149.42,155.987,162.554,169.121
573,4,HFA,F,129,1.0,143.3874,0.04594,6.5872,110.451,117.039,123.626,130.213,136.8,143.387,149.975,156.562,163.149,169.736
574,4,HFA,F,130,1.0,143.9222,0.04591,6.6075,110.885,117.492,124.1,130.707,137.315,143.922,150.53,157.137,163.745,170.352
575,4,HFA,F,131,1.0,144.4575,0.04588,6.6277,111.319,117.947,124.574,131.202,137.83,144.458,151.085,157.713,164.341,170.968
576,4,HFA,F,132,1.0,144.9929,0.04584,6.6465,111.761,118.407,125.053,131.7,138.346,144.993,151.639,158.286,164.932,171.579
577,4,HFA,F,133,1.0,145.528,0.0458,6.6652,112.202,118.867,125.532,132.198,138.863,145.528,152.193,158.858,165.524,172.189
578,4,HFA,F,134,1.0,146.0622,0.04576,6.6838,112.643,119.327,126.011,132.695,139.378,146.062,152.746,159.43,166.114,172.797
579,4,HFA,F,135,1.0,146.5951,0.04571,6.7009,113.091,119.792,126.493,133.193,139.894,146.595,153.296,159.997,166.698,173.399
580,4,HFA,F,136,1.0,147.1262,0.04567,6.7193,113.53,120.249,126.968,133.688,140.407,147.126,153.845,160.565,167.284,174.003
581,4,HFA,F,137,1.0,147.6548,0.04562,6.736,113.975,120.711,127.447,134.183,140.919,147.655,154.391,161.127,167.863,174.599
582,4,HFA,F,138,1.0,148.1804,0.04557,6.7526,114.417,121.17,127.923,134.675,141.428,148.18,154.933,161.686,168.438,175.191
583,4,HFA,F,139,1.0,148.7023,0.04552,6.7689,114.858,121.627,128.396,135.164,141.933,148.702,155.471,162.24,169.009,175.778
584,4,HFA,F,140,1.0,149.2197,0.04546,6.7835,115.302,122.086,128.869,135.653,142.436,149.22,156.003,162.787,169.57,176.354
585,4,HFA,F,141,1.0,149.7322,0.04541,6.7993,115.736,122.535,129.334,136.134,142.933,149.732,156.532,163.331,170.13,176.93
586,4,HFA,F,142,1.0,150.239,0.04535,6.8133,116.172,122.986,129.799,136.612,143.426,150.239,157.052,163.866,170.679,177.492
587,4,HFA,F,143,1.0,150.7394,0.04529,6.827,116.604,123.431,130.258,137.085,143.912,150.739,157.566,164.393,171.22,178.047
588,4,HFA,F,144,1.0,151.2327,0.04523,6.8403,117.031,123.872,130.712,137.552,144.392,151.233,158.073,164.913,171.753,178.594
589,4,HFA,F,145,1.0,151.7182,0.04516,6.8516,117.46,124.312,131.163,138.015,144.867,151.718,158.57,165.421,172.273,179.125
590,4,HFA,F,146,1.0,152.1951,0.0451,6.864,117.875,124.739,131.603,138.467,145.331,152.195,159.059,165.923,172.787,179.651
591,4,HFA,F,147,1.0,152.6628,0.04503,6.8744,118.291,125.165,132.04,138.914,145.788,152.663,159.537,166.412,173.286,180.16
592,4,HFA,F,148,1.0,153.1206,0.04497,6.8858,118.691,125.577,132.463,139.349,146.235,153.121,160.006,166.892,173.778,180.664
593,4,HFA,F,149,1.0,153.5678,0.0449,6.8952,119.092,125.987,132.882,139.777,146.673,153.568,160.463,167.358,174.253,181.149
594,4,HFA,F,150,1.0,154.0041,0.04483,6.904,119.484,126.388,133.292,140.196,147.1,154.004,160.908,167.812,174.716,181.62
595,4,HFA,F,151,1.0,154.429,0.04476,6.9122,119.868,126.78,133.692,140.605,147.517,154.429,161.341,168.253,175.166,182.078
596,4,HFA,F,152,1.0,154.8423,0.04468,6.9184,120.251,127.169,134.087,141.006,147.924,154.842,161.761,168.679,175.597,182.516
597,4,HFA,F,153,1.0,155.2437,0.04461,6.9254,120.617,127.542,134.467,141.393,148.318,155.244,162.169,169.095,176.02,182.945
598,4,HFA,F,154,1.0,155.633,0.04454,6.9319,120.974,127.905,134.837,141.769,148.701,155.633,162.565,169.497,176.429,183.361
599,4,HFA,F,155,1.0,156.0101,0.04446,6.9362,121.329,128.265,135.201,142.138,149.074,156.01,162.946,169.883,176.819,183.755
600,4,HFA,F,156,1.0,156.3748,0.04439,6.9415,121.667,128.609,135.55,142.492,149.433,156.375,163.316,170.258,177.199,184.141
601,4,HFA,F,157,1.0,156.7269,0.04431,6.9446,122.004,128.949,135.893,142.838,149.782,156.727,163.671,170.616,177.561,184.505
602,4,HFA,F,158,1.0,157.0666,0.04423,6.9471,122.331,129.278,136.225,143.172,150.12,157.067,164.014,170.961,177.908,184.855
603,4,HFA,F,159,1.0,157.3936,0.04415,6.9489,122.649,129.598,136.547,143.496,150.445,157.394,164.343,171.291,178.24,185.189
604,4,HFA,F,160,1.0,157.7082,0.04408,6.9518,122.949,129.901,136.853,143.805,150.756,157.708,164.66,171.612,178.564,185.515
605,4,HFA,F,161,1.0,158.0102,0.044,6.9524,123.248,130.2,137.153,144.105,151.058,158.01,164.963,171.915,178.868,185.82
606,4,HFA,F,162,1.0,158.2997,0.04392,6.9525,123.537,130.49,137.442,144.395,151.347,158.3,165.252,172.205,179.157,186.11
607,4,HFA,F,163,1.0,158.5771,0.04384,6.952,123.817,130.769,137.721,144.673,151.625,158.577,165.529,172.481,179.433,186.385
608,4,HFA,F,164,1.0,158.8425,0.04376,6.9509,124.088,131.039,137.99,144.941,151.892,158.842,165.793,172.744,179.695,186.646
609,4,HFA,F,165,1.0,159.0961,0.04369,6.9509,124.342,131.292,138.243,145.194,152.145,159.096,166.047,172.998,179.949,186.9
610,4,HFA,F,166,1.0,159.3382,0.04361,6.9487,124.595,131.543,138.492,145.441,152.389,159.338,166.287,173.236,180.184,187.133
611,4,HFA,F,167,1.0,159.5691,0.04353,6.946,124.839,131.785,138.731,145.677,152.623,159.569,166.515,173.461,180.407,187.353
612,4,HFA,F,168,1.0,159.789,0.04345,6.9428,125.075,132.018,138.961,145.903,152.846,159.789,166.732,173.675,180.617,187.56
613,4,HFA,F,169,1.0,159.9983,0.04337,6.9391,125.303,132.242,139.181,146.12,153.059,159.998,166.937,173.877,180.816,187.755
614,4,HFA,F,170,1.0,160.1971,0.0433,6.9365,125.514,132.451,139.387,146.324,153.261,160.197,167.134,174.07,181.007,187.943
615,4,HFA,F,171,1.0,160.3857,0.04322,6.9319,125.726,132.658,139.59,146.522,153.454,160.386,167.318,174.249,181.181,188.113
616,4,HFA,F,172,1.0,160.5643,0.04314,6.9267,125.931,132.857,139.784,146.711,153.638,160.564,167.491,174.418,181.345,188.271
617,4,HFA,F,173,1.0,160.7332,0.04307,6.9228,126.119,133.042,139.965,146.888,153.81,160.733,167.656,174.579,181.502,188.424
618,4,HFA,F,174,1.0,160.8927,0.04299,6.9168,126.309,133.226,140.142,147.059,153.976,160.893,167.809,174.726,181.643,188.56
619,4,HFA,F,175,1.0,161.043,0.04292,6.912,126.483,133.395,140.307,147.219,154.131,161.043,167.955,174.867,181.779,188.691
620,4,HFA,F,176,1.0,161.1845,0.04284,6.9051,126.659,133.564,140.469,147.374,154.279,161.184,168.09,174.995,181.9,188.805
621,4,HFA,F,177,1.0,161.3176,0.04277,6.8996,126.82,133.719,140.619,147.518,154.418,161.318,168.217,175.117,182.016,188.916
622,4,HFA,F,178,1.0,161.4425,0.0427,6.8936,126.975,133.868,140.762,147.655,154.549,161.442,168.336,175.23,182.123,189.017
623,4,HFA,F,179,1.0,161.5596,0.04263,6.8873,127.123,134.01,140.898,147.785,154.672,161.56,168.447,175.334,182.221,189.109
624,4,HFA,F,180,1.0,161.6692,0.04255,6.879,127.274,134.153,141.032,147.911,154.79,161.669,168.548,175.427,182.306,189.185
625,4,HFA,F,181,1.0,161.7717,0.04248,6.8721,127.411,134.283,141.156,148.028,154.9,161.772,168.644,175.516,182.388,189.26
626,4,HFA,F,182,1.0,161.8673,0.04241,6.8648,127.543,134.408,141.273,148.138,155.003,161.867,168.732,175.597,182.462,189.326
627,4,HFA,F,183,1.0,161.9564,0.04235,6.8589,127.662,134.521,141.38,148.239,155.098,161.956,168.815,175.674,182.533,189.392
628,4,HFA,F,184,1.0,162.0393,0.04228,6.851,127.784,134.635,141.486,148.337,155.188,162.039,168.89,175.741,182.592,189.443
629,4,HFA,F,185,1.0,162.1164,0.04221,6.8429,127.902,134.745,141.588,148.431,155.273,162.116,168.959,175.802,182.645,189.488
630,4,HFA,F,186,1.0,162.188,0.04214,6.8346,128.015,134.85,141.684,148.519,155.353,162.188,169.023,175.857,182.692,189.526
631,4,HFA,F,187,1.0,162.2542,0.04208,6.8277,128.116,134.944,141.771,148.599,155.427,162.254,169.082,175.91,182.737,189.565
632,4,HFA,F,188,1.0,162.3154,0.04201,6.8189,128.221,135.04,141.859,148.678,155.497,162.315,169.134,175.953,182.772,189.591
633,4,HFA,F,189,1.0,162.3719,0.04195,6.8115,128.314,135.126,141.937,148.749,155.56,162.372,169.183,175.995,182.806,189.618
634,4,HFA,F,190,1.0,162.4239,0.04189,6.8039,128.404,135.208,142.012,148.816,155.62,162.424,169.228,176.032,182.836,189.64
635,4,HFA,F,191,1.0,162.4717,0.04182,6.7946,128.499,135.293,142.088,148.883,155.677,162.472,169.266,176.061,182.855,189.65
636,4,HFA,F,192,1.0,162.5156,0.04176,6.7867,128.582,135.369,142.156,148.942,155.729,162.516,169.302,176.089,182.876,189.662
637,4,HFA,F,193,1.0,162.556,0.0417,6.7786,128.663,135.442,142.22,148.999,155.777,162.556,169.335,176.113,182.892,189.67
638,4,HFA,F,194,1.0,162.5933,0.04164,6.7704,128.741,135.512,142.282,149.053,155.823,162.593,169.364,176.134,182.904,189.675
639,4,HFA,F,195,1.0,162.6276,0.04158,6.7621,128.817,135.579,142.341,149.103,155.866,162.628,169.39,176.152,182.914,189.676
640,4,HFA,F,196,1.0,162.6594,0.04152,6.7536,128.891,135.645,142.399,149.152,155.906,162.659,169.413,176.167,182.92,189.674
641,4,HFA,F,197,1.0,162.689,0.04147,6.7467,128.955,135.702,142.449,149.196,155.942,162.689,169.436,176.182,182.929,189.676
642,4,HFA,F,198,1.0,162.7165,0.04141,6.7381,129.026,135.764,142.502,149.24,155.978,162.716,169.455,176.193,182.931,189.669
643,4,HFA,F,199,1.0,162.7425,0.04136,6.731,129.087,135.818,142.549,149.28,156.011,162.742,169.474,176.205,182.936,189.667
644,4,HFA,F,200,1.0,162.767,0.0413,6.7223,129.156,135.878,142.6,149.322,156.045,162.767,169.489,176.212,182.934,189.656
645,4,HFA,F,201,1.0,162.7904,0.04125,6.7151,129.215,135.93,142.645,149.36,156.075,162.79,169.506,176.221,182.936,189.651
646,4,HFA,F,202,1.0,162.8126,0.04119,6.7063,129.281,135.988,142.694,149.4,156.106,162.813,169.519,176.225,182.931,189.638
647,4,HFA,F,203,1.0,162.834,0.04114,6.699,129.339,136.038,142.737,149.436,156.135,162.834,169.533,176.232,182.931,189.63
648,4,HFA,F,204,1.0,162.8545,0.04109,6.6917,129.396,136.088,142.779,149.471,156.163,162.854,169.546,176.238,182.93,189.621
649,4,HFA,F,205,1.0,162.8743,0.04104,6.6844,129.452,136.137,142.821,149.506,156.19,162.874,169.559,176.243,182.927,189.612
650,4,HFA,F,206,1.0,162.8935,0.04099,6.677,129.508,136.185,142.862,149.539,156.216,162.894,169.571,176.248,182.925,189.602
651,4,HFA,F,207,1.0,162.912,0.04094,6.6696,129.564,136.234,142.903,149.573,156.242,162.912,169.582,176.251,182.921,189.59
652,4,HFA,F,208,1.0,162.93,0.04089,6.6622,129.619,136.281,142.943,149.606,156.268,162.93,169.592,176.254,182.917,189.579
653,4,HFA,F,209,1.0,162.9476,0.04084,6.6548,129.674,136.328,142.983,149.638,156.293,162.948,169.602,176.257,182.912,189.567
654,4,HFA,F,210,1.0,162.9649,0.0408,6.649,129.72,136.369,143.018,149.667,156.316,162.965,169.614,176.263,182.912,189.561
655,4,HFA,F,211,1.0,162.9817,0.04075,6.6415,129.774,136.416,143.057,149.699,156.34,162.982,169.623,176.265,182.906,189.548
656,4,HFA,F,212,1.0,162.9983,0.04071,6.6357,129.82,136.456,143.091,149.727,156.363,162.998,169.634,176.27,182.905,189.541
657,4,HFA,F,213,1.0,163.0144,0.04066,6.6282,129.874,136.502,143.13,149.758,156.386,163.014,169.643,176.271,182.899,189.527
658,4,HFA,F,214,1.0,163.03,0.04062,6.6223,129.919,136.541,143.163,149.785,156.408,163.03,169.652,176.275,182.897,189.519
659,4,HFA,F,215,1.0,163.0451,0.04058,6.6164,129.963,136.58,143.196,149.812,156.429,163.045,169.661,176.278,182.894,189.511
660,4,HFA,F,216,1.0,163.0595,0.04053,6.6088,130.015,136.624,143.233,149.842,156.451,163.06,169.668,176.277,182.886,189.495
661,4,HFA,F,217,1.0,163.0733,0.04049,6.6028,130.059,136.662,143.265,149.868,156.47,163.073,169.676,176.279,182.882,189.485
662,4,HFA,F,218,1.0,163.0862,0.04045,6.5968,130.102,136.699,143.296,149.893,156.489,163.086,169.683,176.28,182.877,189.474
663,4,HFA,F,219,1.0,163.0982,0.04041,6.5908,130.144,136.735,143.326,149.917,156.507,163.098,169.689,176.28,182.871,189.461
664,4,HFA,F,220,1.0,163.1092,0.04037,6.5847,130.186,136.77,143.355,149.94,156.524,163.109,169.694,176.279,182.863,189.448
665,4,HFA,F,221,1.0,163.1192,0.04034,6.5802,130.218,136.798,143.379,149.959,156.539,163.119,169.699,176.28,182.86,189.44
666,4,HFA,F,222,1.0,163.1279,0.0403,6.5741,130.258,136.832,143.406,149.98,156.554,163.128,169.702,176.276,182.85,189.424
667,4,HFA,F,223,1.0,163.1355,0.04026,6.5678,130.296,136.864,143.432,150.0,156.568,163.136,169.703,176.271,182.839,189.407
668,4,HFA,F,224,1.0,163.1418,0.04023,6.5632,130.326,136.889,143.452,150.015,156.579,163.142,169.705,176.268,182.831,189.395
669,4,HFA,F,225,1.0,163.1469,0.04019,6.5569,130.363,136.919,143.476,150.033,156.59,163.147,169.704,176.261,182.818,189.374
670,4,HFA,F,226,1.0,163.1508,0.04016,6.5521,130.39,136.942,143.494,150.047,156.599,163.151,169.703,176.255,182.807,189.359
671,4,HFA,F,227,1.0,163.1534,0.04012,6.5457,130.425,136.971,143.516,150.062,156.608,163.153,169.699,176.245,182.791,189.336
672,4,HFA,F,228,1.0,163.1548,0.04009,6.5409,130.45,136.991,143.532,150.073,156.614,163.155,169.696,176.237,182.777,189.318
