id,indicador_codigo,codigo,nombre,z_min,z_max,incluye_min,incluye_max,orden,descripcion
1,BMI,DELGADEZ_SEVERA,Delgadez severa,,-3.0,False,False,1,IMC/edad menor a -3 DE
2,BMI,DELGADEZ,Delgadez,-3.0,-2.0,True,False,2,IMC/edad desde -3 DE hasta menor a -2 DE
3,BMI,NORMAL,Normal,-2.0,1.0,True,True,3,IMC/edad desde -2 DE hasta +1 DE
4,BMI,SOBREPESO,Sobrepeso,1.0,2.0,False,True,4,IMC/edad mayor a +1 DE hasta +2 DE
5,BMI,OBESIDAD,Obesidad,2.0,,False,False,5,IMC/edad mayor a +2 DE
6,HFA,TALLA_BAJA_SEVERA,Talla baja severa,,-3.0,False,False,1,Talla/edad menor a -3 DE
7,HFA,TALLA_BAJA,Talla baja,-3.0,-2.0,True,False,2,Talla/edad desde -3 DE hasta menor a -2 DE
8,HFA,TALLA_ADECUADA,Talla adecuada para la edad,-2.0,3.0,True,True,3,Talla/edad desde -2 DE hasta +3 DE
9,HFA,TALLA_ALTA,Talla muy alta para la edad,3.0,,False,False,4,Talla/edad mayor a +3 DE
