id,id_usuario,accion,esquema_afectado,tabla_afectada,id_registro_afectado,detalle,payload_anterior,payload_nuevo,fecha_registro
1,,UPDATE,usuarios,usuario,c18298df-bfd0-437f-8a9e-4ef471ca8e2f,Actualizacion de cuenta,"{""id"": ""c18298df-bfd0-437f-8a9e-4ef471ca8e2f"", ""email"": ""medico@reumanutri.app"", ""activo"": true, ""cedula"": ""1650130725"", ""id_rol"": 2, ""telefono"": null, ""username"": null, ""direccion"": null, ""email_enc"": null, ""cedula_enc"": null, ""created_at"": ""2026-04-07T05:34:45.181072"", ""created_by"": null, ""updated_at"": ""2026-04-09T04:53:05.239579"", ""updated_by"": null, ""auth_user_id"": ""ada48961-d81c-4dda-8056-3e25b6e51766"", ""telefono_enc"": null, ""ultimo_login"": null, ""direccion_enc"": null, ""deactivated_at"": null, ""deactivated_by"": null, ""nombre_completo"": ""Medico Prueba"", ""deactivated_reason"": null, ""requiere_cambio_password"": false}","{""id"": ""c18298df-bfd0-437f-8a9e-4ef471ca8e2f"", ""email"": ""medico@reumanutri.app"", ""activo"": true, ""cedula"": ""1650130725"", ""id_rol"": 2, ""telefono"": null, ""username"": null, ""direccion"": null, ""email_enc"": ""\\xc30d04090302be0e59c12fbfbe4474d24b01eabf8e699b5f6aaf1338db009a0ac755452a8dfc2d19aa144c916c1fc34193de90f97616f742f618c8fca8b4f317a128cad0f68f381abed5c89a4a0ff0108bec8b33b5a9d220a60a9dbd"", ""cedula_enc"": ""\\xc30d040903026187ddd68b562b5769d240014f5260e844947c5b8a89ca1bf9ad83590ab620c8f0961b78780a776f1ab8f22c7779fa89ee9cd14b402d39a9ff932c3f9d7072c90725a5b9df2b5ef02b1f18"", ""created_at"": ""2026-04-07T05:34:45.181072"", ""created_by"": null, ""updated_at"": ""2026-04-10T01:13:57.50738"", ""updated_by"": null, ""auth_user_id"": ""ada48961-d81c-4dda-8056-3e25b6e51766"", ""telefono_enc"": null, ""ultimo_login"": null, ""direccion_enc"": null, ""deactivated_at"": null, ""deactivated_by"": null, ""nombre_completo"": ""Medico Prueba"", ""deactivated_reason"": null, ""requiere_cambio_password"": false}",2026-04-10 01:13:57.50738
2,,UPDATE,usuarios,usuario,11da6638-0fc0-464f-9ba2-2e1baf434c84,Actualizacion de cuenta,"{""id"": ""11da6638-0fc0-464f-9ba2-2e1baf434c84"", ""email"": ""tutor@reumanutri.app"", ""activo"": true, ""cedula"": ""1600245359"", ""id_rol"": 4, ""telefono"": null, ""username"": null, ""direccion"": null, ""email_enc"": null, ""cedula_enc"": null, ""created_at"": ""2026-04-07T05:34:45.181072"", ""created_by"": null, ""updated_at"": ""2026-04-09T04:54:00.887588"", ""updated_by"": null, ""auth_user_id"": ""ddc6eaf0-d517-4990-b9ff-9465775ff0ed"", ""telefono_enc"": null, ""ultimo_login"": null, ""direccion_enc"": null, ""deactivated_at"": null, ""deactivated_by"": null, ""nombre_completo"": ""Tutor Prueba"", ""deactivated_reason"": null, ""requiere_cambio_password"": false}","{""id"": ""11da6638-0fc0-464f-9ba2-2e1baf434c84"", ""email"": ""tutor@reumanutri.app"", ""activo"": true, ""cedula"": ""1600245359"", ""id_rol"": 4, ""telefono"": null, ""username"": null, ""direccion"": null, ""email_enc"": ""\\xc30d0409030294f55dd74c7924526fd24a014f6dfd6f7dff57df123f1e38d5a993c43f0cab8c188527ea60aeb462bedb108488705e94a39aa1f20f90319e474460161ba811b93e76ce466cb2488b8532c058d48addd8c9d9d047d0"", ""cedula_enc"": ""\\xc30d04090302b978df867bfffbb177d24001a3331c82defeed4a98f673ed6942ac6d2540600a687fb626be799a46135da1817883a83344008eb49959e1236c1a15ea925817f55273f46865ee676543712e"", ""created_at"": ""2026-04-07T05:34:45.181072"", ""created_by"": null, ""updated_at"": ""2026-04-10T01:13:57.50738"", ""updated_by"": null, ""auth_user_id"": ""ddc6eaf0-d517-4990-b9ff-9465775ff0ed"", ""telefono_enc"": null, ""ultimo_login"": null, ""direccion_enc"": null, ""deactivated_at"": null, ""deactivated_by"": null, ""nombre_completo"": ""Tutor Prueba"", ""deactivated_reason"": null, ""requiere_cambio_password"": false}",2026-04-10 01:13:57.50738
3,,UPDATE,usuarios,usuario,2ce2820e-323c-4015-be3e-4d94837e4fc6,Actualizacion de cuenta,"{""id"": ""2ce2820e-323c-4015-be3e-4d94837e4fc6"", ""email"": ""admin@reumanutri.app"", ""activo"": true, ""cedula"": ""1600235641"", ""id_rol"": 1, ""telefono"": ""0943287456"", ""username"": null, ""direccion"": ""Av. Simón Bolivar"", ""email_enc"": null, ""cedula_enc"": null, ""created_at"": ""2026-04-07T05:34:45.181072"", ""created_by"": null, ""updated_at"": ""2026-04-09T08:26:22.860117"", ""updated_by"": null, ""auth_user_id"": ""9854d15c-2641-4cc7-8496-30435fba1566"", ""telefono_enc"": null, ""ultimo_login"": null, ""direccion_enc"": null, ""deactivated_at"": null, ""deactivated_by"": null, ""nombre_completo"": ""Administrador Prueba"", ""deactivated_reason"": null, ""requiere_cambio_password"": false}","{""id"": ""2ce2820e-323c-4015-be3e-4d94837e4fc6"", ""email"": ""admin@reumanutri.app"", ""activo"": true, ""cedula"": ""1600235641"", ""id_rol"": 1, ""telefono"": ""0943287456"", ""username"": null, ""direccion"": ""Av. Simón Bolivar"", ""email_enc"": ""\\xc30d040903026232cae64b4da22f66d24a01a20821ac4969f5977a491644c897f8cdf4a256e553851503a71a37f6fa4c4113ce6e5d9b51f40ad0727cd43fd57c03a8d64d97ead1cfde4f6a2b819d3d2336d32ba57b8f8a60317074"", ""cedula_enc"": ""\\xc30d040903023de97754586d2c166fd2400167c1a9600143da6b8b3306549a5a283bfe47e6fc4c1a73af70975cefb77d237e9b3632c95754e13acf88f87122257b4dac11d01add00224a8a3aebb90b680d"", ""created_at"": ""2026-04-07T05:34:45.181072"", ""created_by"": null, ""updated_at"": ""2026-04-10T01:13:57.50738"", ""updated_by"": null, ""auth_user_id"": ""9854d15c-2641-4cc7-8496-30435fba1566"", ""telefono_enc"": ""\\xc30d040903027b1706d80be3a67560d240018156d5a2352a7032640a16f08bb4052bf8256c7139ea1d4f6f36d6cc0f0cc82631ae89bc7e8b25a788bfa37b2a2d30aab676d51727121fdbcf96b423f4f6ad"", ""ultimo_login"": null, ""direccion_enc"": ""\\xc30d0409030254712414f3da8dbf68d248016cfa77412127010044f90151a5c93884a191cda4ed907a7c28d6d49b35d22dc7a1c00b1f8e6329b03e8fee5f408ce7f7d3067b5e97a1f7e078b7ecf12285539245eed1003fd37d"", ""deactivated_at"": null, ""deactivated_by"": null, ""nombre_completo"": ""Administrador Prueba"", ""deactivated_reason"": null, ""requiere_cambio_password"": false}",2026-04-10 01:13:57.50738
4,,UPDATE,usuarios,usuario,fbfff577-2231-461e-8357-4fe6d363ee17,Actualizacion de cuenta,"{""id"": ""fbfff577-2231-461e-8357-4fe6d363ee17"", ""email"": ""nutricionista@reumanutri.app"", ""activo"": true, ""cedula"": null, ""id_rol"": 3, ""telefono"": null, ""username"": null, ""direccion"": null, ""email_enc"": null, ""cedula_enc"": null, ""created_at"": ""2026-04-07T05:34:45.181072"", ""created_by"": null, ""updated_at"": ""2026-04-07T05:34:45.181072"", ""updated_by"": null, ""auth_user_id"": ""b4ca5ef7-58b4-4d3b-844d-39e321a7d73d"", ""telefono_enc"": null, ""ultimo_login"": null, ""direccion_enc"": null, ""deactivated_at"": null, ""deactivated_by"": null, ""nombre_completo"": ""Mariana Avila"", ""deactivated_reason"": null, ""requiere_cambio_password"": false}","{""id"": ""fbfff577-2231-461e-8357-4fe6d363ee17"", ""email"": ""nutricionista@reumanutri.app"", ""activo"": true, ""cedula"": null, ""id_rol"": 3, ""telefono"": null, ""username"": null, ""direccion"": null, ""email_enc"": ""\\xc30d04090302fa9d8d917a8ab5c469d24f0100bba41d34e6d3a6764fbb97a4337863701a42eeff70bd372fe722440389e1c85611a95c61d4ffb4987cb62e06b8b6f9adf91770ca5033f48439e446e618c66e8ed52d5a1370b4cd98af70f372c6"", ""cedula_enc"": null, ""created_at"": ""2026-04-07T05:34:45.181072"", ""created_by"": null, ""updated_at"": ""2026-04-10T01:13:57.50738"", ""updated_by"": null, ""auth_user_id"": ""b4ca5ef7-58b4-4d3b-844d-39e321a7d73d"", ""telefono_enc"": null, ""ultimo_login"": null, ""direccion_enc"": null, ""deactivated_at"": null, ""deactivated_by"": null, ""nombre_completo"": ""Mariana Avila"", ""deactivated_reason"": null, ""requiere_cambio_password"": false}",2026-04-10 01:13:57.50738
5,,UPDATE,usuarios,usuario,c18298df-bfd0-437f-8a9e-4ef471ca8e2f,Actualizacion de cuenta,"{""id"": ""c18298df-bfd0-437f-8a9e-4ef471ca8e2f"", ""email"": ""medico@reumanutri.app"", ""activo"": true, ""cedula"": ""1650130725"", ""id_rol"": 2, ""telefono"": null, ""username"": null, ""direccion"": null, ""email_enc"": ""\\xc30d04090302be0e59c12fbfbe4474d24b01eabf8e699b5f6aaf1338db009a0ac755452a8dfc2d19aa144c916c1fc34193de90f97616f742f618c8fca8b4f317a128cad0f68f381abed5c89a4a0ff0108bec8b33b5a9d220a60a9dbd"", ""cedula_enc"": ""\\xc30d040903026187ddd68b562b5769d240014f5260e844947c5b8a89ca1bf9ad83590ab620c8f0961b78780a776f1ab8f22c7779fa89ee9cd14b402d39a9ff932c3f9d7072c90725a5b9df2b5ef02b1f18"", ""created_at"": ""2026-04-07T05:34:45.181072"", ""created_by"": null, ""updated_at"": ""2026-04-10T01:13:57.50738"", ""updated_by"": null, ""auth_user_id"": ""ada48961-d81c-4dda-8056-3e25b6e51766"", ""telefono_enc"": null, ""ultimo_login"": null, ""direccion_enc"": null, ""deactivated_at"": null, ""deactivated_by"": null, ""nombre_completo"": ""Medico Prueba"", ""deactivated_reason"": null, ""requiere_cambio_password"": false}","{""id"": ""c18298df-bfd0-437f-8a9e-4ef471ca8e2f"", ""email"": ""medico@reumanutri.app"", ""activo"": true, ""cedula"": ""1650130725"", ""id_rol"": 2, ""telefono"": null, ""username"": null, ""direccion"": null, ""email_enc"": null, ""cedula_enc"": ""\\xc30d040903026187ddd68b562b5769d240014f5260e844947c5b8a89ca1bf9ad83590ab620c8f0961b78780a776f1ab8f22c7779fa89ee9cd14b402d39a9ff932c3f9d7072c90725a5b9df2b5ef02b1f18"", ""created_at"": ""2026-04-07T05:34:45.181072"", ""created_by"": null, ""updated_at"": ""2026-04-10T01:36:34.059049"", ""updated_by"": null, ""auth_user_id"": ""ada48961-d81c-4dda-8056-3e25b6e51766"", ""telefono_enc"": null, ""ultimo_login"": null, ""direccion_enc"": null, ""deactivated_at"": null, ""deactivated_by"": null, ""nombre_completo"": ""Medico Prueba"", ""deactivated_reason"": null, ""requiere_cambio_password"": false}",2026-04-10 01:36:34.059049
6,,UPDATE,usuarios,usuario,11da6638-0fc0-464f-9ba2-2e1baf434c84,Actualizacion de cuenta,"{""id"": ""11da6638-0fc0-464f-9ba2-2e1baf434c84"", ""email"": ""tutor@reumanutri.app"", ""activo"": true, ""cedula"": ""1600245359"", ""id_rol"": 4, ""telefono"": null, ""username"": null, ""direccion"": null, ""email_enc"": ""\\xc30d0409030294f55dd74c7924526fd24a014f6dfd6f7dff57df123f1e38d5a993c43f0cab8c188527ea60aeb462bedb108488705e94a39aa1f20f90319e474460161ba811b93e76ce466cb2488b8532c058d48addd8c9d9d047d0"", ""cedula_enc"": ""\\xc30d04090302b978df867bfffbb177d24001a3331c82defeed4a98f673ed6942ac6d2540600a687fb626be799a46135da1817883a83344008eb49959e1236c1a15ea925817f55273f46865ee676543712e"", ""created_at"": ""2026-04-07T05:34:45.181072"", ""created_by"": null, ""updated_at"": ""2026-04-10T01:13:57.50738"", ""updated_by"": null, ""auth_user_id"": ""ddc6eaf0-d517-4990-b9ff-9465775ff0ed"", ""telefono_enc"": null, ""ultimo_login"": null, ""direccion_enc"": null, ""deactivated_at"": null, ""deactivated_by"": null, ""nombre_completo"": ""Tutor Prueba"", ""deactivated_reason"": null, ""requiere_cambio_password"": false}","{""id"": ""11da6638-0fc0-464f-9ba2-2e1baf434c84"", ""email"": ""tutor@reumanutri.app"", ""activo"": true, ""cedula"": ""1600245359"", ""id_rol"": 4, ""telefono"": null, ""username"": null, ""direccion"": null, ""email_enc"": null, ""cedula_enc"": ""\\xc30d04090302b978df867bfffbb177d24001a3331c82defeed4a98f673ed6942ac6d2540600a687fb626be799a46135da1817883a83344008eb49959e1236c1a15ea925817f55273f46865ee676543712e"", ""created_at"": ""2026-04-07T05:34:45.181072"", ""created_by"": null, ""updated_at"": ""2026-04-10T01:36:34.059049"", ""updated_by"": null, ""auth_user_id"": ""ddc6eaf0-d517-4990-b9ff-9465775ff0ed"", ""telefono_enc"": null, ""ultimo_login"": null, ""direccion_enc"": null, ""deactivated_at"": null, ""deactivated_by"": null, ""nombre_completo"": ""Tutor Prueba"", ""deactivated_reason"": null, ""requiere_cambio_password"": false}",2026-04-10 01:36:34.059049
7,,UPDATE,usuarios,usuario,2ce2820e-323c-4015-be3e-4d94837e4fc6,Actualizacion de cuenta,"{""id"": ""2ce2820e-323c-4015-be3e-4d94837e4fc6"", ""email"": ""admin@reumanutri.app"", ""activo"": true, ""cedula"": ""1600235641"", ""id_rol"": 1, ""telefono"": ""0943287456"", ""username"": null, ""direccion"": ""Av. Simón Bolivar"", ""email_enc"": ""\\xc30d040903026232cae64b4da22f66d24a01a20821ac4969f5977a491644c897f8cdf4a256e553851503a71a37f6fa4c4113ce6e5d9b51f40ad0727cd43fd57c03a8d64d97ead1cfde4f6a2b819d3d2336d32ba57b8f8a60317074"", ""cedula_enc"": ""\\xc30d040903023de97754586d2c166fd2400167c1a9600143da6b8b3306549a5a283bfe47e6fc4c1a73af70975cefb77d237e9b3632c95754e13acf88f87122257b4dac11d01add00224a8a3aebb90b680d"", ""created_at"": ""2026-04-07T05:34:45.181072"", ""created_by"": null, ""updated_at"": ""2026-04-10T01:13:57.50738"", ""updated_by"": null, ""auth_user_id"": ""9854d15c-2641-4cc7-8496-30435fba1566"", ""telefono_enc"": ""\\xc30d040903027b1706d80be3a67560d240018156d5a2352a7032640a16f08bb4052bf8256c7139ea1d4f6f36d6cc0f0cc82631ae89bc7e8b25a788bfa37b2a2d30aab676d51727121fdbcf96b423f4f6ad"", ""ultimo_login"": null, ""direccion_enc"": ""\\xc30d0409030254712414f3da8dbf68d248016cfa77412127010044f90151a5c93884a191cda4ed907a7c28d6d49b35d22dc7a1c00b1f8e6329b03e8fee5f408ce7f7d3067b5e97a1f7e078b7ecf12285539245eed1003fd37d"", ""deactivated_at"": null, ""deactivated_by"": null, ""nombre_completo"": ""Administrador Prueba"", ""deactivated_reason"": null, ""requiere_cambio_password"": false}","{""id"": ""2ce2820e-323c-4015-be3e-4d94837e4fc6"", ""email"": ""admin@reumanutri.app"", ""activo"": true, ""cedula"": ""1600235641"", ""id_rol"": 1, ""telefono"": ""0943287456"", ""username"": null, ""direccion"": ""Av. Simón Bolivar"", ""email_enc"": null, ""cedula_enc"": ""\\xc30d040903023de97754586d2c166fd2400167c1a9600143da6b8b3306549a5a283bfe47e6fc4c1a73af70975cefb77d237e9b3632c95754e13acf88f87122257b4dac11d01add00224a8a3aebb90b680d"", ""created_at"": ""2026-04-07T05:34:45.181072"", ""created_by"": null, ""updated_at"": ""2026-04-10T01:36:34.059049"", ""updated_by"": null, ""auth_user_id"": ""9854d15c-2641-4cc7-8496-30435fba1566"", ""telefono_enc"": null, ""ultimo_login"": null, ""direccion_enc"": null, ""deactivated_at"": null, ""deactivated_by"": null, ""nombre_completo"": ""Administrador Prueba"", ""deactivated_reason"": null, ""requiere_cambio_password"": false}",2026-04-10 01:36:34.059049
8,,UPDATE,usuarios,usuario,fbfff577-2231-461e-8357-4fe6d363ee17,Actualizacion de cuenta,"{""id"": ""fbfff577-2231-461e-8357-4fe6d363ee17"", ""email"": ""nutricionista@reumanutri.app"", ""activo"": true, ""cedula"": null, ""id_rol"": 3, ""telefono"": null, ""username"": null, ""direccion"": null, ""email_enc"": ""\\xc30d04090302fa9d8d917a8ab5c469d24f0100bba41d34e6d3a6764fbb97a4337863701a42eeff70bd372fe722440389e1c85611a95c61d4ffb4987cb62e06b8b6f9adf91770ca5033f48439e446e618c66e8ed52d5a1370b4cd98af70f372c6"", ""cedula_enc"": null, ""created_at"": ""2026-04-07T05:34:45.181072"", ""created_by"": null, ""updated_at"": ""2026-04-10T01:13:57.50738"", ""updated_by"": null, ""auth_user_id"": ""b4ca5ef7-58b4-4d3b-844d-39e321a7d73d"", ""telefono_enc"": null, ""ultimo_login"": null, ""direccion_enc"": null, ""deactivated_at"": null, ""deactivated_by"": null, ""nombre_completo"": ""Mariana Avila"", ""deactivated_reason"": null, ""requiere_cambio_password"": false}","{""id"": ""fbfff577-2231-461e-8357-4fe6d363ee17"", ""email"": ""nutricionista@reumanutri.app"", ""activo"": true, ""cedula"": null, ""id_rol"": 3, ""telefono"": null, ""username"": null, ""direccion"": null, ""email_enc"": null, ""cedula_enc"": null, ""created_at"": ""2026-04-07T05:34:45.181072"", ""created_by"": null, ""updated_at"": ""2026-04-10T01:36:34.059049"", ""updated_by"": null, ""auth_user_id"": ""b4ca5ef7-58b4-4d3b-844d-39e321a7d73d"", ""telefono_enc"": null, ""ultimo_login"": null, ""direccion_enc"": null, ""deactivated_at"": null, ""deactivated_by"": null, ""nombre_completo"": ""Mariana Avila"", ""deactivated_reason"": null, ""requiere_cambio_password"": false}",2026-04-10 01:36:34.059049
9,,UPDATE,usuarios,usuario,c18298df-bfd0-437f-8a9e-4ef471ca8e2f,Actualizacion de cuenta,"{""id"": ""c18298df-bfd0-437f-8a9e-4ef471ca8e2f"", ""email"": ""medico@reumanutri.app"", ""activo"": true, ""cedula"": ""1650130725"", ""id_rol"": 2, ""telefono"": null, ""username"": null, ""direccion"": null, ""cedula_enc"": ""\\xc30d040903026187ddd68b562b5769d240014f5260e844947c5b8a89ca1bf9ad83590ab620c8f0961b78780a776f1ab8f22c7779fa89ee9cd14b402d39a9ff932c3f9d7072c90725a5b9df2b5ef02b1f18"", ""created_at"": ""2026-04-07T05:34:45.181072"", ""created_by"": null, ""updated_at"": ""2026-04-10T01:36:34.059049"", ""updated_by"": null, ""auth_user_id"": ""ada48961-d81c-4dda-8056-3e25b6e51766"", ""ultimo_login"": null, ""deactivated_at"": null, ""deactivated_by"": null, ""nombre_completo"": ""Medico Prueba"", ""deactivated_reason"": null, ""requiere_cambio_password"": false}","{""id"": ""c18298df-bfd0-437f-8a9e-4ef471ca8e2f"", ""email"": ""medico@reumanutri.app"", ""activo"": true, ""cedula"": ""1650130725"", ""id_rol"": 2, ""telefono"": null, ""username"": ""medico.ismael"", ""direccion"": null, ""cedula_enc"": ""\\xc30d040903026187ddd68b562b5769d240014f5260e844947c5b8a89ca1bf9ad83590ab620c8f0961b78780a776f1ab8f22c7779fa89ee9cd14b402d39a9ff932c3f9d7072c90725a5b9df2b5ef02b1f18"", ""created_at"": ""2026-04-07T05:34:45.181072"", ""created_by"": null, ""updated_at"": ""2026-04-10T02:04:31.513885"", ""updated_by"": null, ""auth_user_id"": ""ada48961-d81c-4dda-8056-3e25b6e51766"", ""ultimo_login"": null, ""deactivated_at"": null, ""deactivated_by"": null, ""nombre_completo"": ""Ismael Montero"", ""deactivated_reason"": null, ""requiere_cambio_password"": false}",2026-04-10 02:04:31.513885
10,,UPDATE,usuarios,usuario,fbfff577-2231-461e-8357-4fe6d363ee17,Actualizacion de cuenta,"{""id"": ""fbfff577-2231-461e-8357-4fe6d363ee17"", ""email"": ""nutricionista@reumanutri.app"", ""activo"": true, ""cedula"": null, ""id_rol"": 3, ""telefono"": null, ""username"": null, ""direccion"": null, ""cedula_enc"": null, ""created_at"": ""2026-04-07T05:34:45.181072"", ""created_by"": null, ""updated_at"": ""2026-04-10T01:36:34.059049"", ""updated_by"": null, ""auth_user_id"": ""b4ca5ef7-58b4-4d3b-844d-39e321a7d73d"", ""ultimo_login"": null, ""deactivated_at"": null, ""deactivated_by"": null, ""nombre_completo"": ""Mariana Avila"", ""deactivated_reason"": null, ""requiere_cambio_password"": false}","{""id"": ""fbfff577-2231-461e-8357-4fe6d363ee17"", ""email"": ""nutricionista@reumanutri.app"", ""activo"": true, ""cedula"": ""0605525138"", ""id_rol"": 3, ""telefono"": null, ""username"": ""mariana.nutricionista"", ""direccion"": null, ""cedula_enc"": ""\\xc30d040903029b585b8f765334006ed2400115d770d80ba39b1dd4e71112ff6d5ef4e961332b72d6585a144572a21fd10e0e2a27aed3ca17f7852999e04ea0017d47181524087558f10e2564ca3b1d6fd4"", ""created_at"": ""2026-04-07T05:34:45.181072"", ""created_by"": null, ""updated_at"": ""2026-04-10T02:36:37.890765"", ""updated_by"": null, ""auth_user_id"": ""b4ca5ef7-58b4-4d3b-844d-39e321a7d73d"", ""ultimo_login"": null, ""deactivated_at"": null, ""deactivated_by"": null, ""nombre_completo"": ""Mariana Avila"", ""deactivated_reason"": null, ""requiere_cambio_password"": false}",2026-04-10 02:36:37.890765
18,,CREATE,usuarios,usuario,0ef0e0cb-f6da-4efa-ba5b-9a3a542eafd8,Creacion de cuenta,,"{""id"": ""0ef0e0cb-f6da-4efa-ba5b-9a3a542eafd8"", ""email"": ""e2e.tutor.1776096472@example.com"", ""activo"": true, ""cedula"": null, ""id_rol"": 4, ""telefono"": null, ""username"": null, ""direccion"": null, ""cedula_enc"": null, ""created_at"": ""2026-04-13T16:07:59.420593"", ""created_by"": null, ""updated_at"": ""2026-04-13T16:07:59.420593"", ""updated_by"": null, ""auth_user_id"": ""165dff42-14b0-4915-91be-d39a72365a48"", ""ultimo_login"": null, ""deactivated_at"": null, ""deactivated_by"": null, ""nombre_completo"": ""E2E Tutor Temporal"", ""deactivated_reason"": null, ""requiere_cambio_password"": false}",2026-04-13 16:07:59.420593
11,,UPDATE,usuarios,usuario,11da6638-0fc0-464f-9ba2-2e1baf434c84,Actualizacion de cuenta,"{""id"": ""11da6638-0fc0-464f-9ba2-2e1baf434c84"", ""email"": ""tutor@reumanutri.app"", ""activo"": true, ""cedula"": ""1600245359"", ""id_rol"": 4, ""telefono"": null, ""username"": null, ""direccion"": null, ""cedula_enc"": ""\\xc30d04090302b978df867bfffbb177d24001a3331c82defeed4a98f673ed6942ac6d2540600a687fb626be799a46135da1817883a83344008eb49959e1236c1a15ea925817f55273f46865ee676543712e"", ""created_at"": ""2026-04-07T05:34:45.181072"", ""created_by"": null, ""updated_at"": ""2026-04-10T01:36:34.059049"", ""updated_by"": null, ""auth_user_id"": ""ddc6eaf0-d517-4990-b9ff-9465775ff0ed"", ""ultimo_login"": null, ""deactivated_at"": null, ""deactivated_by"": null, ""nombre_completo"": ""Tutor Prueba"", ""deactivated_reason"": null, ""requiere_cambio_password"": false}","{""id"": ""11da6638-0fc0-464f-9ba2-2e1baf434c84"", ""email"": ""tutor@reumanutri.app"", ""activo"": true, ""cedula"": ""1600245359"", ""id_rol"": 4, ""telefono"": null, ""username"": ""meryem.tutor"", ""direccion"": null, ""cedula_enc"": ""\\xc30d04090302b978df867bfffbb177d24001a3331c82defeed4a98f673ed6942ac6d2540600a687fb626be799a46135da1817883a83344008eb49959e1236c1a15ea925817f55273f46865ee676543712e"", ""created_at"": ""2026-04-07T05:34:45.181072"", ""created_by"": null, ""updated_at"": ""2026-04-10T03:30:33.65489"", ""updated_by"": null, ""auth_user_id"": ""ddc6eaf0-d517-4990-b9ff-9465775ff0ed"", ""ultimo_login"": null, ""deactivated_at"": null, ""deactivated_by"": null, ""nombre_completo"": ""Meryem Prueba"", ""deactivated_reason"": null, ""requiere_cambio_password"": false}",2026-04-10 03:30:33.65489
12,,ETIQUETADO_RECALCULO,etiquetado,ingrediente_resultado_etiqueta,1,scope=etiqueta; dry_run=True; reglas=1; ingredientes=3; ins=0; upd=0; del=0; err=0,,"{""meta"": {""scope"": ""etiqueta"", ""recorded_at"": ""2026-04-10T05:16:06.360239+00:00"", ""etiqueta_ids"": [""1""], ""regla_version_ids"": [""1""], ""structured_errors"": []}, ""result"": {""scope"": ""etiqueta"", ""dry_run"": true, ""errores"": 0, ""eliminados"": 0, ""insertados"": 0, ""sin_cambios"": 3, ""actualizados"": 0, ""sin_resultado"": 0, ""mensajes_error"": [], ""reglas_procesadas"": 1, ""resultado_por_regla"": [{""estado"": ""PUBLICADA"", ""errores"": 0, ""eliminados"": 0, ""insertados"": 0, ""id_etiqueta"": 1, ""sin_cambios"": 3, ""actualizados"": 0, ""sin_resultado"": 0, ""version_numero"": 1, ""id_regla_version"": 1, ""ingredientes_procesados"": 3}], ""ingredientes_en_alcance"": 3}, ""request"": {""dry_run"": true, ""id_etiqueta"": 1, ""solo_activos"": true, ""stop_on_error"": false, ""id_ingrediente"": null, ""id_regla_version"": null, ""max_ingredientes"": 3}}",2026-04-10 05:16:06.121483
13,,ETIQUETADO_RECALCULO,etiquetado,ingrediente_resultado_etiqueta,1,scope=etiqueta; dry_run=True; reglas=1; ingredientes=3; ins=0; upd=0; del=0; err=0,,"{""meta"": {""scope"": ""etiqueta"", ""recorded_at"": ""2026-04-10T05:16:36.615956+00:00"", ""etiqueta_ids"": [""1""], ""regla_version_ids"": [""1""], ""structured_errors"": []}, ""result"": {""scope"": ""etiqueta"", ""dry_run"": true, ""errores"": 0, ""eliminados"": 0, ""insertados"": 0, ""sin_cambios"": 3, ""actualizados"": 0, ""sin_resultado"": 0, ""mensajes_error"": [], ""reglas_procesadas"": 1, ""resultado_por_regla"": [{""estado"": ""PUBLICADA"", ""errores"": 0, ""eliminados"": 0, ""insertados"": 0, ""id_etiqueta"": 1, ""sin_cambios"": 3, ""actualizados"": 0, ""sin_resultado"": 0, ""version_numero"": 1, ""id_regla_version"": 1, ""ingredientes_procesados"": 3}], ""ingredientes_en_alcance"": 3}, ""request"": {""dry_run"": true, ""id_etiqueta"": 1, ""solo_activos"": true, ""stop_on_error"": false, ""id_ingrediente"": null, ""id_regla_version"": null, ""max_ingredientes"": 3}}",2026-04-10 05:16:36.368862
14,,ETIQUETADO_RECALCULO,etiquetado,ingrediente_resultado_etiqueta,1,scope=etiqueta; dry_run=True; reglas=1; ingredientes=2; ins=0; upd=0; del=0; err=0,,"{""meta"": {""scope"": ""etiqueta"", ""recorded_at"": ""2026-04-10T05:21:08.515850+00:00"", ""etiqueta_ids"": [""1""], ""regla_version_ids"": [""1""], ""structured_errors"": []}, ""result"": {""scope"": ""etiqueta"", ""dry_run"": true, ""errores"": 0, ""eliminados"": 0, ""insertados"": 0, ""sin_cambios"": 2, ""actualizados"": 0, ""sin_resultado"": 0, ""mensajes_error"": [], ""reglas_procesadas"": 1, ""resultado_por_regla"": [{""estado"": ""PUBLICADA"", ""errores"": 0, ""eliminados"": 0, ""insertados"": 0, ""id_etiqueta"": 1, ""sin_cambios"": 2, ""actualizados"": 0, ""sin_resultado"": 0, ""version_numero"": 1, ""id_regla_version"": 1, ""ingredientes_procesados"": 2}], ""ingredientes_en_alcance"": 2}, ""request"": {""dry_run"": true, ""id_etiqueta"": 1, ""solo_activos"": true, ""stop_on_error"": false, ""id_ingrediente"": null, ""id_regla_version"": null, ""max_ingredientes"": 2}}",2026-04-10 05:21:08.280074
15,fbfff577-2231-461e-8357-4fe6d363ee17,ETIQUETADO_RECALCULO,etiquetado,ingrediente_resultado_etiqueta,"1,10,11,12,13,14,15,16,2,3,4,5,6,7,8,9",scope=masivo; dry_run=True; reglas=16; ingredientes=100; ins=0; upd=668; del=0; err=0,,"{""meta"": {""scope"": ""masivo"", ""recorded_at"": ""2026-04-10T05:37:41.437046+00:00"", ""etiqueta_ids"": [""1"", ""10"", ""11"", ""12"", ""13"", ""14"", ""15"", ""16"", ""2"", ""3"", ""4"", ""5"", ""6"", ""7"", ""8"", ""9""], ""regla_version_ids"": [""1"", ""10"", ""11"", ""12"", ""13"", ""14"", ""15"", ""16"", ""2"", ""3"", ""4"", ""5"", ""6"", ""7"", ""8"", ""9""], ""structured_errors"": []}, ""result"": {""scope"": ""masivo"", ""dry_run"": true, ""errores"": 0, ""eliminados"": 0, ""insertados"": 0, ""sin_cambios"": 932, ""actualizados"": 668, ""sin_resultado"": 0, ""mensajes_error"": [], ""reglas_procesadas"": 16, ""resultado_por_regla"": [{""estado"": ""PUBLICADA"", ""errores"": 0, ""eliminados"": 0, ""insertados"": 0, ""id_etiqueta"": 1, ""sin_cambios"": 94, ""actualizados"": 6, ""sin_resultado"": 0, ""version_numero"": 1, ""id_regla_version"": 1, ""ingredientes_procesados"": 100}, {""estado"": ""PUBLICADA"", ""errores"": 0, ""eliminados"": 0, ""insertados"": 0, ""id_etiqueta"": 2, ""sin_cambios"": 51, ""actualizados"": 49, ""sin_resultado"": 0, ""version_numero"": 1, ""id_regla_version"": 2, ""ingredientes_procesados"": 100}, {""estado"": ""PUBLICADA"", ""errores"": 0, ""eliminados"": 0, ""insertados"": 0, ""id_etiqueta"": 3, ""sin_cambios"": 83, ""actualizados"": 17, ""sin_resultado"": 0, ""version_numero"": 1, ""id_regla_version"": 3, ""ingredientes_procesados"": 100}, {""estado"": ""PUBLICADA"", ""errores"": 0, ""eliminados"": 0, ""insertados"": 0, ""id_etiqueta"": 4, ""sin_cambios"": 38, ""actualizados"": 62, ""sin_resultado"": 0, ""version_numero"": 1, ""id_regla_version"": 4, ""ingredientes_procesados"": 100}, {""estado"": ""PUBLICADA"", ""errores"": 0, ""eliminados"": 0, ""insertados"": 0, ""id_etiqueta"": 5, ""sin_cambios"": 55, ""actualizados"": 45, ""sin_resultado"": 0, ""version_numero"": 1, ""id_regla_version"": 5, ""ingredientes_procesados"": 100}, {""estado"": ""PUBLICADA"", ""errores"": 0, ""eliminados"": 0, ""insertados"": 0, ""id_etiqueta"": 6, ""sin_cambios"": 18, ""actualizados"": 82, ""sin_resultado"": 0, ""version_numero"": 1, ""id_regla_version"": 6, ""ingredientes_procesados"": 100}, {""estado"": ""PUBLICADA"", ""errores"": 0, ""eliminados"": 0, ""insertados"": 0, ""id_etiqueta"": 7, ""sin_cambios"": 51, ""actualizados"": 49, ""sin_resultado"": 0, ""version_numero"": 1, ""id_regla_version"": 7, ""ingredientes_procesados"": 100}, {""estado"": ""PUBLICADA"", ""errores"": 0, ""eliminados"": 0, ""insertados"": 0, ""id_etiqueta"": 8, ""sin_cambios"": 65, ""actualizados"": 35, ""sin_resultado"": 0, ""version_numero"": 1, ""id_regla_version"": 8, ""ingredientes_procesados"": 100}, {""estado"": ""PUBLICADA"", ""errores"": 0, ""eliminados"": 0, ""insertados"": 0, ""id_etiqueta"": 9, ""sin_cambios"": 36, ""actualizados"": 64, ""sin_resultado"": 0, ""version_numero"": 1, ""id_regla_version"": 9, ""ingredientes_procesados"": 100}, {""estado"": ""PUBLICADA"", ""errores"": 0, ""eliminados"": 0, ""insertados"": 0, ""id_etiqueta"": 10, ""sin_cambios"": 9, ""actualizados"": 91, ""sin_resultado"": 0, ""version_numero"": 1, ""id_regla_version"": 10, ""ingredientes_procesados"": 100}, {""estado"": ""PUBLICADA"", ""errores"": 0, ""eliminados"": 0, ""insertados"": 0, ""id_etiqueta"": 11, ""sin_cambios"": 87, ""actualizados"": 13, ""sin_resultado"": 0, ""version_numero"": 1, ""id_regla_version"": 11, ""ingredientes_procesados"": 100}, {""estado"": ""PUBLICADA"", ""errores"": 0, ""eliminados"": 0, ""insertados"": 0, ""id_etiqueta"": 12, ""sin_cambios"": 10, ""actualizados"": 90, ""sin_resultado"": 0, ""version_numero"": 1, ""id_regla_version"": 12, ""ingredientes_procesados"": 100}, {""estado"": ""PUBLICADA"", ""errores"": 0, ""eliminados"": 0, ""insertados"": 0, ""id_etiqueta"": 13, ""sin_cambios"": 92, ""actualizados"": 8, ""sin_resultado"": 0, ""version_numero"": 1, ""id_regla_version"": 13, ""ingredientes_procesados"": 100}, {""estado"": ""PUBLICADA"", ""errores"": 0, ""eliminados"": 0, ""insertados"": 0, ""id_etiqueta"": 14, ""sin_cambios"": 47, ""actualizados"": 53, ""sin_resultado"": 0, ""version_numero"": 1, ""id_regla_version"": 14, ""ingredientes_procesados"": 100}, {""estado"": ""PUBLICADA"", ""errores"": 0, ""eliminados"": 0, ""insertados"": 0, ""id_etiqueta"": 15, ""sin_cambios"": 100, ""actualizados"": 0, ""sin_resultado"": 0, ""version_numero"": 1, ""id_regla_version"": 15, ""ingredientes_procesados"": 100}, {""estado"": ""PUBLICADA"", ""errores"": 0, ""eliminados"": 0, ""insertados"": 0, ""id_etiqueta"": 16, ""sin_cambios"": 96, ""actualizados"": 4, ""sin_resultado"": 0, ""version_numero"": 1, ""id_regla_version"": 16, ""ingredientes_procesados"": 100}], ""ingredientes_en_alcance"": 100}, ""request"": {""dry_run"": true, ""id_etiqueta"": null, ""solo_activos"": true, ""stop_on_error"": false, ""id_ingrediente"": null, ""id_regla_version"": null, ""max_ingredientes"": 100}}",2026-04-10 05:37:41.191387
16,,CREATE,usuarios,usuario,8071f701-d7ca-4c75-8771-61f3c89bbd39,Creacion de cuenta,,"{""id"": ""8071f701-d7ca-4c75-8771-61f3c89bbd39"", ""email"": ""e2e.admin.1776096472@example.com"", ""activo"": true, ""cedula"": null, ""id_rol"": 1, ""telefono"": null, ""username"": ""e2e_admin_1776096472"", ""direccion"": null, ""cedula_enc"": null, ""created_at"": ""2026-04-13T16:07:56.45106"", ""created_by"": null, ""updated_at"": ""2026-04-13T16:07:56.45106"", ""updated_by"": null, ""auth_user_id"": ""f44fc2c7-9a08-4013-98fa-1e972a61bd7f"", ""ultimo_login"": null, ""deactivated_at"": null, ""deactivated_by"": null, ""nombre_completo"": ""E2E Admin Temporal"", ""deactivated_reason"": null, ""requiere_cambio_password"": false}",2026-04-13 16:07:56.45106
17,,DELETE,usuarios,usuario,8071f701-d7ca-4c75-8771-61f3c89bbd39,Eliminacion de cuenta,"{""id"": ""8071f701-d7ca-4c75-8771-61f3c89bbd39"", ""email"": ""e2e.admin.1776096472@example.com"", ""activo"": true, ""cedula"": null, ""id_rol"": 1, ""telefono"": null, ""username"": ""e2e_admin_1776096472"", ""direccion"": null, ""cedula_enc"": null, ""created_at"": ""2026-04-13T16:07:56.45106"", ""created_by"": null, ""updated_at"": ""2026-04-13T16:07:56.45106"", ""updated_by"": null, ""auth_user_id"": ""f44fc2c7-9a08-4013-98fa-1e972a61bd7f"", ""ultimo_login"": null, ""deactivated_at"": null, ""deactivated_by"": null, ""nombre_completo"": ""E2E Admin Temporal"", ""deactivated_reason"": null, ""requiere_cambio_password"": false}",,2026-04-13 16:07:56.827594
19,,DELETE,usuarios,usuario,0ef0e0cb-f6da-4efa-ba5b-9a3a542eafd8,Eliminacion de cuenta,"{""id"": ""0ef0e0cb-f6da-4efa-ba5b-9a3a542eafd8"", ""email"": ""e2e.tutor.1776096472@example.com"", ""activo"": true, ""cedula"": null, ""id_rol"": 4, ""telefono"": null, ""username"": null, ""direccion"": null, ""cedula_enc"": null, ""created_at"": ""2026-04-13T16:07:59.420593"", ""created_by"": null, ""updated_at"": ""2026-04-13T16:07:59.420593"", ""updated_by"": null, ""auth_user_id"": ""165dff42-14b0-4915-91be-d39a72365a48"", ""ultimo_login"": null, ""deactivated_at"": null, ""deactivated_by"": null, ""nombre_completo"": ""E2E Tutor Temporal"", ""deactivated_reason"": null, ""requiere_cambio_password"": false}",,2026-04-13 16:07:59.748746
20,,CREATE,usuarios,usuario,d58e023f-dc12-4814-a3f1-f8a31c5287ca,Creacion de cuenta,,"{""id"": ""d58e023f-dc12-4814-a3f1-f8a31c5287ca"", ""email"": ""rommelsilva567@gmail.com"", ""activo"": true, ""cedula"": ""1600130725"", ""id_rol"": 1, ""telefono"": null, ""username"": ""rommels"", ""direccion"": null, ""cedula_enc"": ""\\xc30d04090302df9ff63c8594fd2571d24001ea8d766a339bad5ac1b9192b3ec43e50f0a050e898bbc4c81443f566eeca206aa7c5a1eedbdaf2fb19cc6bd81af8785eb2c62e88e1bbd8b0c68f7fb2d9157f"", ""created_at"": ""2026-04-13T16:17:50.886094"", ""created_by"": null, ""updated_at"": ""2026-04-13T16:17:50.886094"", ""updated_by"": null, ""auth_user_id"": ""6187bf01-71d6-4792-b744-17e544eac204"", ""ultimo_login"": null, ""deactivated_at"": null, ""deactivated_by"": null, ""nombre_completo"": ""Rommel Silva"", ""deactivated_reason"": null, ""requiere_cambio_password"": false}",2026-04-13 16:17:50.886094
21,,DELETE,usuarios,usuario,d58e023f-dc12-4814-a3f1-f8a31c5287ca,Eliminacion de cuenta,"{""id"": ""d58e023f-dc12-4814-a3f1-f8a31c5287ca"", ""email"": ""rommelsilva567@gmail.com"", ""activo"": true, ""cedula"": ""1600130725"", ""id_rol"": 1, ""telefono"": null, ""username"": ""rommels"", ""direccion"": null, ""cedula_enc"": ""\\xc30d04090302df9ff63c8594fd2571d24001ea8d766a339bad5ac1b9192b3ec43e50f0a050e898bbc4c81443f566eeca206aa7c5a1eedbdaf2fb19cc6bd81af8785eb2c62e88e1bbd8b0c68f7fb2d9157f"", ""created_at"": ""2026-04-13T16:17:50.886094"", ""created_by"": null, ""updated_at"": ""2026-04-13T16:17:50.886094"", ""updated_by"": null, ""auth_user_id"": ""6187bf01-71d6-4792-b744-17e544eac204"", ""ultimo_login"": null, ""deactivated_at"": null, ""deactivated_by"": null, ""nombre_completo"": ""Rommel Silva"", ""deactivated_reason"": null, ""requiere_cambio_password"": false}",,2026-04-13 16:38:30.557002
22,,CREATE,usuarios,usuario,c902c3f2-307a-4fea-965f-a41ddf1cc91a,Creacion de cuenta,,"{""id"": ""c902c3f2-307a-4fea-965f-a41ddf1cc91a"", ""email"": ""rommelsilva567@gmail.com"", ""activo"": true, ""cedula"": ""1600130725"", ""id_rol"": 1, ""telefono"": null, ""username"": ""rommels"", ""direccion"": null, ""cedula_enc"": ""\\xc30d04090302ecf4d1346a427e6e79d24001e1db81b5946c747baa50ba7061cb339bcb03b0b81f34092241a01ea169ed35e0584b8c2903460fddfd87bc82d5dd7e93a141955231880fde869d46345b5cbc"", ""created_at"": ""2026-04-13T16:39:44.51525"", ""created_by"": null, ""updated_at"": ""2026-04-13T16:39:44.51525"", ""updated_by"": null, ""auth_user_id"": ""f00d5ae9-f592-43d7-ae2e-614d852f5320"", ""ultimo_login"": null, ""deactivated_at"": null, ""deactivated_by"": null, ""nombre_completo"": ""Rommel Silva"", ""deactivated_reason"": null, ""requiere_cambio_password"": false}",2026-04-13 16:39:44.51525
23,,DELETE,usuarios,usuario,c902c3f2-307a-4fea-965f-a41ddf1cc91a,Eliminacion de cuenta,"{""id"": ""c902c3f2-307a-4fea-965f-a41ddf1cc91a"", ""email"": ""rommelsilva567@gmail.com"", ""activo"": true, ""cedula"": ""1600130725"", ""id_rol"": 1, ""telefono"": null, ""username"": ""rommels"", ""direccion"": null, ""cedula_enc"": ""\\xc30d04090302ecf4d1346a427e6e79d24001e1db81b5946c747baa50ba7061cb339bcb03b0b81f34092241a01ea169ed35e0584b8c2903460fddfd87bc82d5dd7e93a141955231880fde869d46345b5cbc"", ""created_at"": ""2026-04-13T16:39:44.51525"", ""created_by"": null, ""updated_at"": ""2026-04-13T16:39:44.51525"", ""updated_by"": null, ""auth_user_id"": ""f00d5ae9-f592-43d7-ae2e-614d852f5320"", ""ultimo_login"": null, ""deactivated_at"": null, ""deactivated_by"": null, ""nombre_completo"": ""Rommel Silva"", ""deactivated_reason"": null, ""requiere_cambio_password"": false}",,2026-04-13 16:50:20.456377
24,,CREATE,usuarios,usuario,3aeb6654-4c0a-4ce8-9e8d-5407d9dd9ca3,Creacion de cuenta,,"{""id"": ""3aeb6654-4c0a-4ce8-9e8d-5407d9dd9ca3"", ""email"": ""rommelsilva567@gmail.com"", ""activo"": true, ""cedula"": ""1600130725"", ""id_rol"": 1, ""telefono"": null, ""username"": ""rommels"", ""direccion"": null, ""cedula_enc"": ""\\xc30d04090302cf16aca34802935471d2400106471236e751855e48f8de13a5695b345e61b0cfbbdbd5d044b8c36cc4d34f1cafa0dcb15fd8e7f617d8861d7b47a3224713b21c8a8308f9b1cf4df7a8cabf"", ""created_at"": ""2026-04-13T16:53:46.610922"", ""created_by"": null, ""updated_at"": ""2026-04-13T16:53:46.610922"", ""updated_by"": null, ""auth_user_id"": ""c2259340-6161-47c9-9581-9f4e5d61bb6b"", ""ultimo_login"": null, ""deactivated_at"": null, ""deactivated_by"": null, ""nombre_completo"": ""Romme Silva"", ""deactivated_reason"": null, ""requiere_cambio_password"": false}",2026-04-13 16:53:46.610922
25,,UPDATE,usuarios,usuario,3aeb6654-4c0a-4ce8-9e8d-5407d9dd9ca3,Actualizacion de cuenta,"{""id"": ""3aeb6654-4c0a-4ce8-9e8d-5407d9dd9ca3"", ""email"": ""rommelsilva567@gmail.com"", ""activo"": true, ""cedula"": ""1600130725"", ""id_rol"": 1, ""telefono"": null, ""username"": ""rommels"", ""direccion"": null, ""cedula_enc"": ""\\xc30d04090302cf16aca34802935471d2400106471236e751855e48f8de13a5695b345e61b0cfbbdbd5d044b8c36cc4d34f1cafa0dcb15fd8e7f617d8861d7b47a3224713b21c8a8308f9b1cf4df7a8cabf"", ""created_at"": ""2026-04-13T16:53:46.610922"", ""created_by"": null, ""updated_at"": ""2026-04-13T16:53:46.610922"", ""updated_by"": null, ""auth_user_id"": ""c2259340-6161-47c9-9581-9f4e5d61bb6b"", ""ultimo_login"": null, ""deactivated_at"": null, ""deactivated_by"": null, ""nombre_completo"": ""Romme Silva"", ""deactivated_reason"": null, ""requiere_cambio_password"": false}","{""id"": ""3aeb6654-4c0a-4ce8-9e8d-5407d9dd9ca3"", ""email"": ""rommelsilva567@gmail.com"", ""activo"": true, ""cedula"": ""1600130725"", ""id_rol"": 1, ""telefono"": null, ""username"": ""rommels"", ""direccion"": null, ""cedula_enc"": ""\\xc30d04090302cf16aca34802935471d2400106471236e751855e48f8de13a5695b345e61b0cfbbdbd5d044b8c36cc4d34f1cafa0dcb15fd8e7f617d8861d7b47a3224713b21c8a8308f9b1cf4df7a8cabf"", ""created_at"": ""2026-04-13T16:53:46.610922"", ""created_by"": null, ""updated_at"": ""2026-04-13T16:55:03.364077"", ""updated_by"": null, ""auth_user_id"": ""c2259340-6161-47c9-9581-9f4e5d61bb6b"", ""ultimo_login"": null, ""deactivated_at"": null, ""deactivated_by"": null, ""nombre_completo"": ""Rommel Silva"", ""deactivated_reason"": null, ""requiere_cambio_password"": false}",2026-04-13 16:55:03.364077
26,,CREATE,usuarios,usuario,2920dcc0-9cb0-4223-b201-8f2884847b0b,Creacion de cuenta,,"{""id"": ""2920dcc0-9cb0-4223-b201-8f2884847b0b"", ""email"": ""fernandovera1998fv@gmail.com"", ""activo"": true, ""cedula"": null, ""id_rol"": 4, ""telefono"": null, ""username"": null, ""direccion"": null, ""cedula_enc"": null, ""created_at"": ""2026-04-14T14:03:07.311132"", ""created_by"": null, ""updated_at"": ""2026-04-14T14:03:07.311132"", ""updated_by"": null, ""auth_user_id"": ""18ffddba-13f1-4a05-8098-84b7c2501108"", ""ultimo_login"": null, ""deactivated_at"": null, ""deactivated_by"": null, ""nombre_completo"": ""Fernando Vera"", ""deactivated_reason"": null, ""requiere_cambio_password"": false}",2026-04-14 14:03:07.311132
27,,DELETE,usuarios,usuario,3aeb6654-4c0a-4ce8-9e8d-5407d9dd9ca3,Eliminacion de cuenta,"{""id"": ""3aeb6654-4c0a-4ce8-9e8d-5407d9dd9ca3"", ""email"": ""rommelsilva567@gmail.com"", ""activo"": true, ""cedula"": ""1600130725"", ""id_rol"": 1, ""telefono"": null, ""username"": ""rommels"", ""direccion"": null, ""cedula_enc"": ""\\xc30d04090302cf16aca34802935471d2400106471236e751855e48f8de13a5695b345e61b0cfbbdbd5d044b8c36cc4d34f1cafa0dcb15fd8e7f617d8861d7b47a3224713b21c8a8308f9b1cf4df7a8cabf"", ""created_at"": ""2026-04-13T16:53:46.610922"", ""created_by"": null, ""updated_at"": ""2026-04-13T16:55:03.364077"", ""updated_by"": null, ""auth_user_id"": ""c2259340-6161-47c9-9581-9f4e5d61bb6b"", ""ultimo_login"": null, ""deactivated_at"": null, ""deactivated_by"": null, ""nombre_completo"": ""Rommel Silva"", ""deactivated_reason"": null, ""requiere_cambio_password"": false}",,2026-04-14 14:08:41.952354
28,,DELETE,usuarios,usuario,2920dcc0-9cb0-4223-b201-8f2884847b0b,Eliminacion de cuenta,"{""id"": ""2920dcc0-9cb0-4223-b201-8f2884847b0b"", ""email"": ""fernandovera1998fv@gmail.com"", ""activo"": true, ""cedula"": null, ""id_rol"": 4, ""telefono"": null, ""username"": null, ""direccion"": null, ""cedula_enc"": null, ""created_at"": ""2026-04-14T14:03:07.311132"", ""created_by"": null, ""updated_at"": ""2026-04-14T14:03:07.311132"", ""updated_by"": null, ""auth_user_id"": ""18ffddba-13f1-4a05-8098-84b7c2501108"", ""ultimo_login"": null, ""deactivated_at"": null, ""deactivated_by"": null, ""nombre_completo"": ""Fernando Vera"", ""deactivated_reason"": null, ""requiere_cambio_password"": false}",,2026-04-14 14:08:42.05947
