id,curva_id,indicador_codigo,sexo_codigo,edad_meses,l,m,s,stdev,sd5neg,sd4neg,sd3neg,sd2neg,sd1neg,sd0,sd1,sd2,sd3,sd4
1,1,BMI,M,0,-0.305300,13.406900,0.095600,,,,10.200,11.100,12.200,13.400,14.800,16.300,18.100,
2,1,BMI,M,1,0.270800,14.944100,0.090270,,,,11.300,12.400,13.600,14.900,16.300,17.800,19.400,
3,1,BMI,M,2,0.111800,16.319500,0.086770,,,,12.500,13.700,15.000,16.300,17.800,19.400,21.100,
4,1,BMI,M,3,0.006800,16.898700,0.084950,,,,13.100,14.300,15.500,16.900,18.400,20.000,21.800,
5,1,BMI,M,4,-0.072700,17.157900,0.083780,,,,13.400,14.500,15.800,17.200,18.700,20.300,22.100,
6,1,BMI,M,5,-0.137000,17.291900,0.082960,,,,13.500,14.700,15.900,17.300,18.800,20.500,22.300,
7,1,BMI,M,6,-0.191300,17.342200,0.082340,,,,13.600,14.700,16.000,17.300,18.800,20.500,22.300,
8,1,BMI,M,7,-0.238500,17.328800,0.081830,,,,13.700,14.800,16.000,17.300,18.800,20.500,22.300,
9,1,BMI,M,8,-0.280200,17.264700,0.081400,,,,13.600,14.700,15.900,17.300,18.700,20.400,22.200,
10,1,BMI,M,9,-0.317600,17.166200,0.081020,,,,13.600,14.700,15.800,17.200,18.600,20.300,22.100,
11,1,BMI,M,10,-0.351600,17.048800,0.080680,,,,13.500,14.600,15.700,17.000,18.500,20.100,22.000,
12,1,BMI,M,11,-0.382800,16.923900,0.080370,,,,13.400,14.500,15.600,16.900,18.400,20.000,21.800,
13,1,BMI,M,12,-0.411500,16.798100,0.080090,,,,13.400,14.400,15.500,16.800,18.200,19.800,21.600,
14,1,BMI,M,13,-0.438200,16.674300,0.079820,,,,13.300,14.300,15.400,16.700,18.100,19.700,21.500,
15,1,BMI,M,14,-0.463000,16.554800,0.079580,,,,13.200,14.200,15.300,16.600,18.000,19.500,21.300,
16,1,BMI,M,15,-0.486300,16.440900,0.079350,,,,13.100,14.100,15.200,16.400,17.800,19.400,21.200,
17,1,BMI,M,16,-0.508200,16.333500,0.079130,,,,13.100,14.000,15.100,16.300,17.700,19.300,21.000,
18,1,BMI,M,17,-0.528900,16.232900,0.078920,,,,13.000,13.900,15.000,16.200,17.600,19.100,20.900,
19,1,BMI,M,18,-0.548400,16.139200,0.078730,,,,12.900,13.900,14.900,16.100,17.500,19.000,20.800,
20,1,BMI,M,19,-0.566900,16.052800,0.078540,,,,12.900,13.800,14.900,16.100,17.400,18.900,20.700,
21,1,BMI,M,20,-0.584600,15.974300,0.078360,,,,12.800,13.700,14.800,16.000,17.300,18.800,20.600,
22,1,BMI,M,21,-0.601400,15.903900,0.078180,,,,12.800,13.700,14.700,15.900,17.200,18.700,20.500,
23,1,BMI,M,22,-0.617400,15.841200,0.078020,,,,12.700,13.600,14.700,15.800,17.200,18.700,20.400,
24,1,BMI,M,23,-0.632800,15.785200,0.077860,,,,12.700,13.600,14.600,15.800,17.100,18.600,20.300,
25,1,BMI,M,24,-0.618700,16.018900,0.077850,,,,12.900,13.800,14.800,16.000,17.300,18.900,20.600,
26,1,BMI,M,25,-0.584000,15.980000,0.077920,,,,12.800,13.800,14.800,16.000,17.300,18.800,20.500,
27,1,BMI,M,26,-0.549700,15.941400,0.078000,,,,12.800,13.700,14.800,15.900,17.300,18.800,20.500,
28,1,BMI,M,27,-0.516600,15.903600,0.078080,,,,12.700,13.700,14.700,15.900,17.200,18.700,20.400,
29,1,BMI,M,28,-0.485000,15.866700,0.078180,,,,12.700,13.600,14.700,15.900,17.200,18.700,20.400,
30,1,BMI,M,29,-0.455200,15.830600,0.078290,,,,12.700,13.600,14.700,15.800,17.100,18.600,20.300,
31,1,BMI,M,30,-0.427400,15.795300,0.078410,,,,12.600,13.600,14.600,15.800,17.100,18.600,20.200,
32,1,BMI,M,31,-0.401600,15.760600,0.078540,,,,12.600,13.500,14.600,15.800,17.100,18.500,20.200,
33,1,BMI,M,32,-0.378200,15.726700,0.078670,,,,12.500,13.500,14.600,15.700,17.000,18.500,20.100,
34,1,BMI,M,33,-0.357200,15.693400,0.078820,,,,12.500,13.500,14.500,15.700,17.000,18.500,20.100,
35,1,BMI,M,34,-0.338800,15.661000,0.078970,,,,12.500,13.400,14.500,15.700,17.000,18.400,20.000,
36,1,BMI,M,35,-0.323100,15.629400,0.079140,,,,12.400,13.400,14.500,15.600,16.900,18.400,20.000,
37,1,BMI,M,36,-0.310100,15.598800,0.079310,,,,12.400,13.400,14.400,15.600,16.900,18.400,20.000,
38,1,BMI,M,37,-0.300000,15.569300,0.079500,,,,12.400,13.300,14.400,15.600,16.900,18.300,19.900,
39,1,BMI,M,38,-0.292700,15.541000,0.079690,,,,12.300,13.300,14.400,15.500,16.800,18.300,19.900,
40,1,BMI,M,39,-0.288400,15.514000,0.079900,,,,12.300,13.300,14.300,15.500,16.800,18.300,19.900,
41,1,BMI,M,40,-0.286900,15.488500,0.080120,,,,12.300,13.200,14.300,15.500,16.800,18.200,19.900,
42,1,BMI,M,41,-0.288100,15.464500,0.080360,,,,12.200,13.200,14.300,15.500,16.800,18.200,19.900,
43,1,BMI,M,42,-0.291900,15.442000,0.080610,,,,12.200,13.200,14.300,15.400,16.800,18.200,19.800,
44,1,BMI,M,43,-0.298100,15.421000,0.080870,,,,12.200,13.200,14.200,15.400,16.700,18.200,19.800,
45,1,BMI,M,44,-0.306700,15.401300,0.081150,,,,12.200,13.100,14.200,15.400,16.700,18.200,19.800,
46,1,BMI,M,45,-0.317400,15.382700,0.081440,,,,12.200,13.100,14.200,15.400,16.700,18.200,19.800,
47,1,BMI,M,46,-0.330300,15.365200,0.081740,,,,12.100,13.100,14.200,15.400,16.700,18.200,19.800,
48,1,BMI,M,47,-0.345200,15.348500,0.082050,,,,12.100,13.100,14.200,15.300,16.700,18.200,19.900,
49,1,BMI,M,48,-0.362200,15.332600,0.082380,,,,12.100,13.100,14.100,15.300,16.700,18.200,19.900,
50,1,BMI,M,49,-0.381100,15.317400,0.082720,,,,12.100,13.000,14.100,15.300,16.700,18.200,19.900,
51,1,BMI,M,50,-0.401900,15.302900,0.083070,,,,12.100,13.000,14.100,15.300,16.700,18.200,19.900,
52,1,BMI,M,51,-0.424500,15.289100,0.083430,,,,12.100,13.000,14.100,15.300,16.600,18.200,19.900,
53,1,BMI,M,52,-0.448800,15.275900,0.083800,,,,12.000,13.000,14.100,15.300,16.600,18.200,19.900,
54,1,BMI,M,53,-0.474700,15.263300,0.084180,,,,12.000,13.000,14.100,15.300,16.600,18.200,20.000,
55,1,BMI,M,54,-0.501900,15.251400,0.084570,,,,12.000,13.000,14.000,15.300,16.600,18.200,20.000,
56,1,BMI,M,55,-0.530300,15.240000,0.084960,,,,12.000,13.000,14.000,15.200,16.600,18.200,20.000,
57,1,BMI,M,56,-0.559900,15.229100,0.085360,,,,12.000,12.900,14.000,15.200,16.600,18.200,20.100,
58,1,BMI,M,57,-0.590500,15.218800,0.085770,,,,12.000,12.900,14.000,15.200,16.600,18.200,20.100,
59,1,BMI,M,58,-0.622300,15.209100,0.086170,,,,12.000,12.900,14.000,15.200,16.600,18.300,20.200,
60,1,BMI,M,59,-0.655200,15.200000,0.086590,,,,12.000,12.900,14.000,15.200,16.600,18.300,20.200,
61,1,BMI,M,60,-0.689200,15.191600,0.087000,,,,12.000,12.900,14.000,15.200,16.600,18.300,20.300,
62,2,BMI,F,0,-0.063100,13.336300,0.092720,,,,10.100,11.100,12.200,13.300,14.600,16.100,17.700,
63,2,BMI,F,1,0.344800,14.567900,0.095560,,,,10.800,12.000,13.200,14.600,16.000,17.500,19.100,
64,2,BMI,F,2,0.174900,15.767900,0.093710,,,,11.800,13.000,14.300,15.800,17.300,19.000,20.700,
65,2,BMI,F,3,0.064300,16.357400,0.092540,,,,12.400,13.600,14.900,16.400,17.900,19.700,21.500,
66,2,BMI,F,4,-0.019100,16.670300,0.091660,,,,12.700,13.900,15.200,16.700,18.300,20.000,22.000,
67,2,BMI,F,5,-0.086400,16.838600,0.090960,,,,12.900,14.100,15.400,16.800,18.400,20.200,22.200,
68,2,BMI,F,6,-0.142900,16.908300,0.090360,,,,13.000,14.100,15.500,16.900,18.500,20.300,22.300,
69,2,BMI,F,7,-0.191600,16.902000,0.089840,,,,13.000,14.200,15.500,16.900,18.500,20.300,22.300,
70,2,BMI,F,8,-0.234400,16.840400,0.089390,,,,13.000,14.100,15.400,16.800,18.400,20.200,22.200,
71,2,BMI,F,9,-0.272500,16.740600,0.088980,,,,12.900,14.100,15.300,16.700,18.300,20.100,22.100,
72,2,BMI,F,10,-0.306800,16.618400,0.088610,,,,12.900,14.000,15.200,16.600,18.200,19.900,21.900,
73,2,BMI,F,11,-0.338100,16.487500,0.088280,,,,12.800,13.900,15.100,16.500,18.000,19.800,21.800,
74,2,BMI,F,12,-0.366700,16.356800,0.087970,,,,12.700,13.800,15.000,16.400,17.900,19.600,21.600,
75,2,BMI,F,13,-0.393200,16.231100,0.087680,,,,12.600,13.700,14.900,16.200,17.700,19.500,21.400,
76,2,BMI,F,14,-0.417700,16.112800,0.087410,,,,12.600,13.600,14.800,16.100,17.600,19.300,21.300,
77,2,BMI,F,15,-0.440700,16.002800,0.087160,,,,12.500,13.500,14.700,16.000,17.500,19.200,21.100,
78,2,BMI,F,16,-0.462300,15.901700,0.086930,,,,12.400,13.500,14.600,15.900,17.400,19.100,21.000,
79,2,BMI,F,17,-0.482500,15.809600,0.086710,,,,12.400,13.400,14.500,15.800,17.300,18.900,20.900,
80,2,BMI,F,18,-0.501700,15.726300,0.086500,,,,12.300,13.300,14.400,15.700,17.200,18.800,20.800,
81,2,BMI,F,19,-0.519900,15.651700,0.086300,,,,12.300,13.300,14.400,15.700,17.100,18.800,20.700,
82,2,BMI,F,20,-0.537200,15.585500,0.086120,,,,12.200,13.200,14.300,15.600,17.000,18.700,20.600,
83,2,BMI,F,21,-0.553700,15.527800,0.085940,,,,12.200,13.200,14.300,15.500,17.000,18.600,20.500,
84,2,BMI,F,22,-0.569500,15.478700,0.085770,,,,12.200,13.100,14.200,15.500,16.900,18.500,20.400,
85,2,BMI,F,23,-0.584600,15.438000,0.085600,,,,12.200,13.100,14.200,15.400,16.900,18.500,20.400,
86,2,BMI,F,24,-0.568400,15.688100,0.084540,,,,12.400,13.300,14.400,15.700,17.100,18.700,20.600,
87,2,BMI,F,25,-0.568400,15.659000,0.084520,,,,12.400,13.300,14.400,15.700,17.100,18.700,20.600,
88,2,BMI,F,26,-0.568400,15.630800,0.084490,,,,12.300,13.300,14.400,15.600,17.000,18.700,20.600,
89,2,BMI,F,27,-0.568400,15.603700,0.084460,,,,12.300,13.300,14.400,15.600,17.000,18.600,20.500,
90,2,BMI,F,28,-0.568400,15.577700,0.084440,,,,12.300,13.300,14.300,15.600,17.000,18.600,20.500,
91,2,BMI,F,29,-0.568400,15.552300,0.084430,,,,12.300,13.200,14.300,15.600,17.000,18.600,20.400,
92,2,BMI,F,30,-0.568400,15.527600,0.084440,,,,12.300,13.200,14.300,15.500,16.900,18.500,20.400,
93,2,BMI,F,31,-0.568400,15.503400,0.084480,,,,12.200,13.200,14.300,15.500,16.900,18.500,20.400,
94,2,BMI,F,32,-0.568400,15.479800,0.084550,,,,12.200,13.200,14.300,15.500,16.900,18.500,20.400,
95,2,BMI,F,33,-0.568400,15.457200,0.084670,,,,12.200,13.100,14.200,15.500,16.900,18.500,20.300,
96,2,BMI,F,34,-0.568400,15.435600,0.084840,,,,12.200,13.100,14.200,15.400,16.800,18.500,20.300,
97,2,BMI,F,35,-0.568400,15.415500,0.085060,,,,12.100,13.100,14.200,15.400,16.800,18.400,20.300,
98,2,BMI,F,36,-0.568400,15.396800,0.085350,,,,12.100,13.100,14.200,15.400,16.800,18.400,20.300,
99,2,BMI,F,37,-0.568400,15.379600,0.085690,,,,12.100,13.100,14.100,15.400,16.800,18.400,20.300,
100,2,BMI,F,38,-0.568400,15.363800,0.086090,,,,12.100,13.000,14.100,15.400,16.800,18.400,20.300,
101,2,BMI,F,39,-0.568400,15.349300,0.086540,,,,12.000,13.000,14.100,15.300,16.800,18.400,20.300,
102,2,BMI,F,40,-0.568400,15.335800,0.087040,,,,12.000,13.000,14.100,15.300,16.800,18.400,20.300,
103,2,BMI,F,41,-0.568400,15.323300,0.087570,,,,12.000,13.000,14.100,15.300,16.800,18.400,20.400,
104,2,BMI,F,42,-0.568400,15.311600,0.088130,,,,12.000,12.900,14.000,15.300,16.800,18.400,20.400,
105,2,BMI,F,43,-0.568400,15.300700,0.088720,,,,11.900,12.900,14.000,15.300,16.800,18.400,20.400,
106,2,BMI,F,44,-0.568400,15.290500,0.089310,,,,11.900,12.900,14.000,15.300,16.800,18.500,20.400,
107,2,BMI,F,45,-0.568400,15.281400,0.089910,,,,11.900,12.900,14.000,15.300,16.800,18.500,20.500,
108,2,BMI,F,46,-0.568400,15.273200,0.090510,,,,11.900,12.900,14.000,15.300,16.800,18.500,20.500,
109,2,BMI,F,47,-0.568400,15.266100,0.091100,,,,11.800,12.800,14.000,15.300,16.800,18.500,20.500,
110,2,BMI,F,48,-0.568400,15.260200,0.091680,,,,11.800,12.800,14.000,15.300,16.800,18.500,20.600,
111,2,BMI,F,49,-0.568400,15.255600,0.092270,,,,11.800,12.800,13.900,15.300,16.800,18.500,20.600,
112,2,BMI,F,50,-0.568400,15.252300,0.092860,,,,11.800,12.800,13.900,15.300,16.800,18.600,20.700,
113,2,BMI,F,51,-0.568400,15.250300,0.093450,,,,11.800,12.800,13.900,15.300,16.800,18.600,20.700,
114,2,BMI,F,52,-0.568400,15.249600,0.094030,,,,11.700,12.800,13.900,15.200,16.800,18.600,20.700,
115,2,BMI,F,53,-0.568400,15.250200,0.094600,,,,11.700,12.700,13.900,15.300,16.800,18.600,20.800,
116,2,BMI,F,54,-0.568400,15.251900,0.095150,,,,11.700,12.700,13.900,15.300,16.800,18.700,20.800,
117,2,BMI,F,55,-0.568400,15.254400,0.095680,,,,11.700,12.700,13.900,15.300,16.800,18.700,20.900,
118,2,BMI,F,56,-0.568400,15.257500,0.096180,,,,11.700,12.700,13.900,15.300,16.800,18.700,20.900,
119,2,BMI,F,57,-0.568400,15.261200,0.096650,,,,11.700,12.700,13.900,15.300,16.900,18.700,21.000,
120,2,BMI,F,58,-0.568400,15.265300,0.097090,,,,11.700,12.700,13.900,15.300,16.900,18.800,21.000,
121,2,BMI,F,59,-0.568400,15.269800,0.097500,,,,11.600,12.700,13.900,15.300,16.900,18.800,21.000,
122,2,BMI,F,60,-0.568400,15.274700,0.097890,,,,11.600,12.700,13.900,15.300,16.900,18.800,21.100,
123,3,HFA,M,0,1.000000,49.884200,0.037950,,,,44.200,46.100,48.000,49.900,51.800,53.700,55.600,
124,3,HFA,M,1,1.000000,54.724400,0.035570,,,,48.900,50.800,52.800,54.700,56.700,58.600,60.600,
125,3,HFA,M,2,1.000000,58.424900,0.034240,,,,52.400,54.400,56.400,58.400,60.400,62.400,64.400,
126,3,HFA,M,3,1.000000,61.429200,0.033280,,,,55.300,57.300,59.400,61.400,63.500,65.500,67.600,
127,3,HFA,M,4,1.000000,63.886000,0.032570,,,,57.600,59.700,61.800,63.900,66.000,68.000,70.100,
128,3,HFA,M,5,1.000000,65.902600,0.032040,,,,59.600,61.700,63.800,65.900,68.000,70.100,72.200,
129,3,HFA,M,6,1.000000,67.623600,0.031650,,,,61.200,63.300,65.500,67.600,69.800,71.900,74.000,
130,3,HFA,M,7,1.000000,69.164500,0.031390,,,,62.700,64.800,67.000,69.200,71.300,73.500,75.700,
131,3,HFA,M,8,1.000000,70.599400,0.031240,,,,64.000,66.200,68.400,70.600,72.800,75.000,77.200,
132,3,HFA,M,9,1.000000,71.968700,0.031170,,,,65.200,67.500,69.700,72.000,74.200,76.500,78.700,
133,3,HFA,M,10,1.000000,73.281200,0.031180,,,,66.400,68.700,71.000,73.300,75.600,77.900,80.100,
134,3,HFA,M,11,1.000000,74.538800,0.031250,,,,67.600,69.900,72.200,74.500,76.900,79.200,81.500,
135,3,HFA,M,12,1.000000,75.748800,0.031370,,,,68.600,71.000,73.400,75.700,78.100,80.500,82.900,
136,3,HFA,M,13,1.000000,76.918600,0.031540,,,,69.600,72.100,74.500,76.900,79.300,81.800,84.200,
137,3,HFA,M,14,1.000000,78.049700,0.031740,,,,70.600,73.100,75.600,78.000,80.500,83.000,85.500,
138,3,HFA,M,15,1.000000,79.145800,0.031970,,,,71.600,74.100,76.600,79.100,81.700,84.200,86.700,
139,3,HFA,M,16,1.000000,80.211300,0.032220,,,,72.500,75.000,77.600,80.200,82.800,85.400,88.000,
140,3,HFA,M,17,1.000000,81.248700,0.032500,,,,73.300,76.000,78.600,81.200,83.900,86.500,89.200,
141,3,HFA,M,18,1.000000,82.258700,0.032790,,,,74.200,76.900,79.600,82.300,85.000,87.700,90.400,
142,3,HFA,M,19,1.000000,83.241800,0.033100,,,,75.000,77.700,80.500,83.200,86.000,88.800,91.500,
143,3,HFA,M,20,1.000000,84.199600,0.033420,,,,75.800,78.600,81.400,84.200,87.000,89.800,92.600,
144,3,HFA,M,21,1.000000,85.134800,0.033760,,,,76.500,79.400,82.300,85.100,88.000,90.900,93.800,
145,3,HFA,M,22,1.000000,86.047700,0.034100,,,,77.200,80.200,83.100,86.000,89.000,91.900,94.900,
146,3,HFA,M,23,1.000000,86.941000,0.034450,,,,78.000,81.000,83.900,86.900,89.900,92.900,95.900,
147,3,HFA,M,24,1.000000,87.116100,0.035070,,,,78.000,81.000,84.100,87.100,90.200,93.200,96.300,
148,3,HFA,M,25,1.000000,87.972000,0.035420,,,,78.600,81.700,84.900,88.000,91.100,94.200,97.300,
149,3,HFA,M,26,1.000000,88.806500,0.035760,,,,79.300,82.500,85.600,88.800,92.000,95.200,98.300,
150,3,HFA,M,27,1.000000,89.619700,0.036100,,,,79.900,83.100,86.400,89.600,92.900,96.100,99.300,
151,3,HFA,M,28,1.000000,90.412000,0.036420,,,,80.500,83.800,87.100,90.400,93.700,97.000,100.300,
152,3,HFA,M,29,1.000000,91.182800,0.036740,,,,81.100,84.500,87.800,91.200,94.500,97.900,101.200,
153,3,HFA,M,30,1.000000,91.932700,0.037040,,,,81.700,85.100,88.500,91.900,95.300,98.700,102.100,
154,3,HFA,M,31,1.000000,92.663100,0.037330,,,,82.300,85.700,89.200,92.700,96.100,99.600,103.000,
155,3,HFA,M,32,1.000000,93.375300,0.037610,,,,82.800,86.400,89.900,93.400,96.900,100.400,103.900,
156,3,HFA,M,33,1.000000,94.071100,0.037870,,,,83.400,86.900,90.500,94.100,97.600,101.200,104.800,
157,3,HFA,M,34,1.000000,94.753200,0.038120,,,,83.900,87.500,91.100,94.800,98.400,102.000,105.600,
158,3,HFA,M,35,1.000000,95.423600,0.038360,,,,84.400,88.100,91.800,95.400,99.100,102.700,106.400,
159,3,HFA,M,36,1.000000,96.083500,0.038580,,,,85.000,88.700,92.400,96.100,99.800,103.500,107.200,
160,3,HFA,M,37,1.000000,96.733700,0.038790,,,,85.500,89.200,93.000,96.700,100.500,104.200,108.000,
161,3,HFA,M,38,1.000000,97.374900,0.039000,,,,86.000,89.800,93.600,97.400,101.200,105.000,108.800,
162,3,HFA,M,39,1.000000,98.007300,0.039190,,,,86.500,90.300,94.200,98.000,101.800,105.700,109.500,
163,3,HFA,M,40,1.000000,98.631000,0.039370,,,,87.000,90.900,94.700,98.600,102.500,106.400,110.300,
164,3,HFA,M,41,1.000000,99.245900,0.039540,,,,87.500,91.400,95.300,99.200,103.200,107.100,111.000,
165,3,HFA,M,42,1.000000,99.851500,0.039710,,,,88.000,91.900,95.900,99.900,103.800,107.800,111.700,
166,3,HFA,M,43,1.000000,100.448500,0.039860,,,,88.400,92.400,96.400,100.400,104.500,108.500,112.500,
167,3,HFA,M,44,1.000000,101.037400,0.040020,,,,88.900,93.000,97.000,101.000,105.100,109.100,113.200,
168,3,HFA,M,45,1.000000,101.618600,0.040160,,,,89.400,93.500,97.500,101.600,105.700,109.800,113.900,
169,3,HFA,M,46,1.000000,102.193300,0.040310,,,,89.800,94.000,98.100,102.200,106.300,110.400,114.600,
170,3,HFA,M,47,1.000000,102.762500,0.040450,,,,90.300,94.400,98.600,102.800,106.900,111.100,115.200,
171,3,HFA,M,48,1.000000,103.327300,0.040590,,,,90.700,94.900,99.100,103.300,107.500,111.700,115.900,
172,3,HFA,M,49,1.000000,103.888600,0.040730,,,,91.200,95.400,99.700,103.900,108.100,112.400,116.600,
173,3,HFA,M,50,1.000000,104.447300,0.040860,,,,91.600,95.900,100.200,104.400,108.700,113.000,117.300,
174,3,HFA,M,51,1.000000,105.004100,0.041000,,,,92.100,96.400,100.700,105.000,109.300,113.600,117.900,
175,3,HFA,M,52,1.000000,105.559600,0.041130,,,,92.500,96.900,101.200,105.600,109.900,114.200,118.600,
176,3,HFA,M,53,1.000000,106.113800,0.041260,,,,93.000,97.400,101.700,106.100,110.500,114.900,119.200,
177,3,HFA,M,54,1.000000,106.666800,0.041390,,,,93.400,97.800,102.300,106.700,111.100,115.500,119.900,
178,3,HFA,M,55,1.000000,107.218800,0.041520,,,,93.900,98.300,102.800,107.200,111.700,116.100,120.600,
179,3,HFA,M,56,1.000000,107.769700,0.041650,,,,94.300,98.800,103.300,107.800,112.300,116.700,121.200,
180,3,HFA,M,57,1.000000,108.319800,0.041770,,,,94.700,99.300,103.800,108.300,112.800,117.400,121.900,
181,3,HFA,M,58,1.000000,108.868900,0.041900,,,,95.200,99.700,104.300,108.900,113.400,118.000,122.600,
182,3,HFA,M,59,1.000000,109.417000,0.042020,,,,95.600,100.200,104.800,109.400,114.000,118.600,123.200,
183,3,HFA,M,60,1.000000,109.963800,0.042140,,,,96.100,100.700,105.300,110.000,114.600,119.200,123.900,
184,4,HFA,F,0,1.000000,49.147700,0.037900,,,,43.600,45.400,47.300,49.100,51.000,52.900,54.700,
185,4,HFA,F,1,1.000000,53.687200,0.036400,,,,47.800,49.800,51.700,53.700,55.600,57.600,59.500,
186,4,HFA,F,2,1.000000,57.067300,0.035680,,,,51.000,53.000,55.000,57.100,59.100,61.100,63.200,
187,4,HFA,F,3,1.000000,59.802900,0.035200,,,,53.500,55.600,57.700,59.800,61.900,64.000,66.100,
188,4,HFA,F,4,1.000000,62.089900,0.034860,,,,55.600,57.800,59.900,62.100,64.300,66.400,68.600,
189,4,HFA,F,5,1.000000,64.030100,0.034630,,,,57.400,59.600,61.800,64.000,66.200,68.500,70.700,
190,4,HFA,F,6,1.000000,65.731100,0.034480,,,,58.900,61.200,63.500,65.700,68.000,70.300,72.500,
191,4,HFA,F,7,1.000000,67.287300,0.034410,,,,60.300,62.700,65.000,67.300,69.600,71.900,74.200,
192,4,HFA,F,8,1.000000,68.749800,0.034400,,,,61.700,64.000,66.400,68.700,71.100,73.500,75.800,
193,4,HFA,F,9,1.000000,70.143500,0.034440,,,,62.900,65.300,67.700,70.100,72.600,75.000,77.400,
194,4,HFA,F,10,1.000000,71.481800,0.034520,,,,64.100,66.500,69.000,71.500,73.900,76.400,78.900,
195,4,HFA,F,11,1.000000,72.771000,0.034640,,,,65.200,67.700,70.300,72.800,75.300,77.800,80.300,
196,4,HFA,F,12,1.000000,74.015000,0.034790,,,,66.300,68.900,71.400,74.000,76.600,79.200,81.700,
197,4,HFA,F,13,1.000000,75.217600,0.034960,,,,67.300,70.000,72.600,75.200,77.800,80.500,83.100,
198,4,HFA,F,14,1.000000,76.381700,0.035140,,,,68.300,71.000,73.700,76.400,79.100,81.700,84.400,
199,4,HFA,F,15,1.000000,77.509900,0.035340,,,,69.300,72.000,74.800,77.500,80.200,83.000,85.700,
200,4,HFA,F,16,1.000000,78.605500,0.035550,,,,70.200,73.000,75.800,78.600,81.400,84.200,87.000,
201,4,HFA,F,17,1.000000,79.671000,0.035760,,,,71.100,74.000,76.800,79.700,82.500,85.400,88.200,
202,4,HFA,F,18,1.000000,80.707900,0.035980,,,,72.000,74.900,77.800,80.700,83.600,86.500,89.400,
203,4,HFA,F,19,1.000000,81.718200,0.036200,,,,72.800,75.800,78.800,81.700,84.700,87.600,90.600,
204,4,HFA,F,20,1.000000,82.703600,0.036430,,,,73.700,76.700,79.700,82.700,85.700,88.700,91.700,
205,4,HFA,F,21,1.000000,83.665400,0.036660,,,,74.500,77.500,80.600,83.700,86.700,89.800,92.900,
206,4,HFA,F,22,1.000000,84.604000,0.036880,,,,75.200,78.400,81.500,84.600,87.700,90.800,94.000,
207,4,HFA,F,23,1.000000,85.520200,0.037110,,,,76.000,79.200,82.300,85.500,88.700,91.900,95.000,
208,4,HFA,F,24,1.000000,85.715300,0.037640,,,,76.000,79.300,82.500,85.700,88.900,92.200,95.400,
209,4,HFA,F,25,1.000000,86.590400,0.037860,,,,76.800,80.000,83.300,86.600,89.900,93.100,96.400,
210,4,HFA,F,26,1.000000,87.446200,0.038080,,,,77.500,80.800,84.100,87.400,90.800,94.100,97.400,
211,4,HFA,F,27,1.000000,88.283000,0.038300,,,,78.100,81.500,84.900,88.300,91.700,95.000,98.400,
212,4,HFA,F,28,1.000000,89.100400,0.038510,,,,78.800,82.200,85.700,89.100,92.500,96.000,99.400,
213,4,HFA,F,29,1.000000,89.899100,0.038720,,,,79.500,82.900,86.400,89.900,93.400,96.900,100.300,
214,4,HFA,F,30,1.000000,90.679700,0.038930,,,,80.100,83.600,87.100,90.700,94.200,97.700,101.300,
215,4,HFA,F,31,1.000000,91.443000,0.039130,,,,80.700,84.300,87.900,91.400,95.000,98.600,102.200,
216,4,HFA,F,32,1.000000,92.190600,0.039330,,,,81.300,84.900,88.600,92.200,95.800,99.400,103.100,
217,4,HFA,F,33,1.000000,92.923900,0.039520,,,,81.900,85.600,89.300,92.900,96.600,100.300,103.900,
218,4,HFA,F,34,1.000000,93.644400,0.039710,,,,82.500,86.200,89.900,93.600,97.400,101.100,104.800,
219,4,HFA,F,35,1.000000,94.353300,0.039890,,,,83.100,86.800,90.600,94.400,98.100,101.900,105.600,
220,4,HFA,F,36,1.000000,95.051500,0.040060,,,,83.600,87.400,91.200,95.100,98.900,102.700,106.500,
221,4,HFA,F,37,1.000000,95.739900,0.040240,,,,84.200,88.000,91.900,95.700,99.600,103.400,107.300,
222,4,HFA,F,38,1.000000,96.418700,0.040410,,,,84.700,88.600,92.500,96.400,100.300,104.200,108.100,
223,4,HFA,F,39,1.000000,97.088500,0.040570,,,,85.300,89.200,93.100,97.100,101.000,105.000,108.900,
224,4,HFA,F,40,1.000000,97.749300,0.040730,,,,85.800,89.800,93.800,97.700,101.700,105.700,109.700,
225,4,HFA,F,41,1.000000,98.401500,0.040890,,,,86.300,90.400,94.400,98.400,102.400,106.400,110.500,
226,4,HFA,F,42,1.000000,99.044800,0.041050,,,,86.800,90.900,95.000,99.000,103.100,107.200,111.200,
227,4,HFA,F,43,1.000000,99.679500,0.041200,,,,87.400,91.500,95.600,99.700,103.800,107.900,112.000,
228,4,HFA,F,44,1.000000,100.305800,0.041350,,,,87.900,92.000,96.200,100.300,104.500,108.600,112.700,
229,4,HFA,F,45,1.000000,100.923800,0.041500,,,,88.400,92.500,96.700,100.900,105.100,109.300,113.500,
230,4,HFA,F,46,1.000000,101.533700,0.041640,,,,88.900,93.100,97.300,101.500,105.800,110.000,114.200,
231,4,HFA,F,47,1.000000,102.136000,0.041790,,,,89.300,93.600,97.900,102.100,106.400,110.700,114.900,
232,4,HFA,F,48,1.000000,102.731200,0.041930,,,,89.800,94.100,98.400,102.700,107.000,111.300,115.700,
233,4,HFA,F,49,1.000000,103.319700,0.042060,,,,90.300,94.600,99.000,103.300,107.700,112.000,116.400,
234,4,HFA,F,50,1.000000,103.902100,0.042200,,,,90.700,95.100,99.500,103.900,108.300,112.700,117.100,
235,4,HFA,F,51,1.000000,104.478600,0.042330,,,,91.200,95.600,100.100,104.500,108.900,113.300,117.700,
236,4,HFA,F,52,1.000000,105.049400,0.042460,,,,91.700,96.100,100.600,105.000,109.500,114.000,118.400,
237,4,HFA,F,53,1.000000,105.614800,0.042590,,,,92.100,96.600,101.100,105.600,110.100,114.600,119.100,
238,4,HFA,F,54,1.000000,106.174800,0.042720,,,,92.600,97.100,101.600,106.200,110.700,115.200,119.800,
239,4,HFA,F,55,1.000000,106.729500,0.042850,,,,93.000,97.600,102.200,106.700,111.300,115.900,120.400,
240,4,HFA,F,56,1.000000,107.278800,0.042980,,,,93.400,98.100,102.700,107.300,111.900,116.500,121.100,
241,4,HFA,F,57,1.000000,107.822700,0.043100,,,,93.900,98.500,103.200,107.800,112.500,117.100,121.800,
242,4,HFA,F,58,1.000000,108.361300,0.043220,,,,94.300,99.000,103.700,108.400,113.000,117.700,122.400,
243,4,HFA,F,59,1.000000,108.894800,0.043340,,,,94.700,99.500,104.200,108.900,113.600,118.300,123.100,
244,4,HFA,F,60,1.000000,109.423300,0.043470,,,,95.200,99.900,104.700,109.400,114.200,118.900,123.700,
245,5,WFA,M,0,0.348700,3.346400,0.146020,,,,2.100,2.500,2.900,3.300,3.900,4.400,5.000,
246,5,WFA,M,1,0.229700,4.470900,0.133950,,,,2.900,3.400,3.900,4.500,5.100,5.800,6.600,
247,5,WFA,M,2,0.197000,5.567500,0.123850,,,,3.800,4.300,4.900,5.600,6.300,7.100,8.000,
248,5,WFA,M,3,0.173800,6.376200,0.117270,,,,4.400,5.000,5.700,6.400,7.200,8.000,9.000,
249,5,WFA,M,4,0.155300,7.002300,0.113160,,,,4.900,5.600,6.200,7.000,7.800,8.700,9.700,
250,5,WFA,M,5,0.139500,7.510500,0.110800,,,,5.300,6.000,6.700,7.500,8.400,9.300,10.400,
251,5,WFA,M,6,0.125700,7.934000,0.109580,,,,5.700,6.400,7.100,7.900,8.800,9.800,10.900,
252,5,WFA,M,7,0.113400,8.297000,0.109020,,,,5.900,6.700,7.400,8.300,9.200,10.300,11.400,
253,5,WFA,M,8,0.102100,8.615100,0.108820,,,,6.200,6.900,7.700,8.600,9.600,10.700,11.900,
254,5,WFA,M,9,0.091700,8.901400,0.108810,,,,6.400,7.100,8.000,8.900,9.900,11.000,12.300,
255,5,WFA,M,10,0.082000,9.164900,0.108910,,,,6.600,7.400,8.200,9.200,10.200,11.400,12.700,
256,5,WFA,M,11,0.073000,9.412200,0.109060,,,,6.800,7.600,8.400,9.400,10.500,11.700,13.000,
257,5,WFA,M,12,0.064400,9.647900,0.109250,,,,6.900,7.700,8.600,9.600,10.800,12.000,13.300,
258,5,WFA,M,13,0.056300,9.874900,0.109490,,,,7.100,7.900,8.800,9.900,11.000,12.300,13.700,
259,5,WFA,M,14,0.048700,10.095300,0.109760,,,,7.200,8.100,9.000,10.100,11.300,12.600,14.000,
260,5,WFA,M,15,0.041300,10.310800,0.110070,,,,7.400,8.300,9.200,10.300,11.500,12.800,14.300,
261,5,WFA,M,16,0.034300,10.522800,0.110410,,,,7.500,8.400,9.400,10.500,11.700,13.100,14.600,
262,5,WFA,M,17,0.027500,10.731900,0.110790,,,,7.700,8.600,9.600,10.700,12.000,13.400,14.900,
263,5,WFA,M,18,0.021100,10.938500,0.111190,,,,7.800,8.800,9.800,10.900,12.200,13.700,15.300,
264,5,WFA,M,19,0.014800,11.143000,0.111640,,,,8.000,8.900,10.000,11.100,12.500,13.900,15.600,
265,5,WFA,M,20,0.008700,11.346200,0.112110,,,,8.100,9.100,10.100,11.300,12.700,14.200,15.900,
266,5,WFA,M,21,0.002900,11.548600,0.112610,,,,8.200,9.200,10.300,11.500,12.900,14.500,16.200,
267,5,WFA,M,22,-0.002800,11.750400,0.113140,,,,8.400,9.400,10.500,11.800,13.200,14.700,16.500,
268,5,WFA,M,23,-0.008300,11.951400,0.113690,,,,8.500,9.500,10.700,12.000,13.400,15.000,16.800,
269,5,WFA,M,24,-0.013700,12.151500,0.114260,,,,8.600,9.700,10.800,12.200,13.600,15.300,17.100,
270,5,WFA,M,25,-0.018900,12.350200,0.114850,,,,8.800,9.800,11.000,12.400,13.900,15.500,17.500,
271,5,WFA,M,26,-0.024000,12.546600,0.115440,,,,8.900,10.000,11.200,12.500,14.100,15.800,17.800,
272,5,WFA,M,27,-0.028900,12.740100,0.116040,,,,9.000,10.100,11.300,12.700,14.300,16.100,18.100,
273,5,WFA,M,28,-0.033700,12.930300,0.116640,,,,9.100,10.200,11.500,12.900,14.500,16.300,18.400,
274,5,WFA,M,29,-0.038500,13.116900,0.117230,,,,9.200,10.400,11.700,13.100,14.800,16.600,18.700,
275,5,WFA,M,30,-0.043100,13.300000,0.117810,,,,9.400,10.500,11.800,13.300,15.000,16.900,19.000,
276,5,WFA,M,31,-0.047600,13.479800,0.118390,,,,9.500,10.700,12.000,13.500,15.200,17.100,19.300,
277,5,WFA,M,32,-0.052000,13.656700,0.118960,,,,9.600,10.800,12.100,13.700,15.400,17.400,19.600,
278,5,WFA,M,33,-0.056400,13.830900,0.119530,,,,9.700,10.900,12.300,13.800,15.600,17.600,19.900,
279,5,WFA,M,34,-0.060600,14.003100,0.120080,,,,9.800,11.000,12.400,14.000,15.800,17.800,20.200,
280,5,WFA,M,35,-0.064800,14.173600,0.120620,,,,9.900,11.200,12.600,14.200,16.000,18.100,20.400,
281,5,WFA,M,36,-0.068900,14.342900,0.121160,,,,10.000,11.300,12.700,14.300,16.200,18.300,20.700,
282,5,WFA,M,37,-0.072900,14.511300,0.121680,,,,10.100,11.400,12.900,14.500,16.400,18.600,21.000,
283,5,WFA,M,38,-0.076900,14.679100,0.122200,,,,10.200,11.500,13.000,14.700,16.600,18.800,21.300,
284,5,WFA,M,39,-0.080800,14.846600,0.122710,,,,10.300,11.600,13.100,14.800,16.800,19.000,21.600,
285,5,WFA,M,40,-0.084600,15.014000,0.123220,,,,10.400,11.800,13.300,15.000,17.000,19.300,21.900,
286,5,WFA,M,41,-0.088300,15.181300,0.123730,,,,10.500,11.900,13.400,15.200,17.200,19.500,22.100,
287,5,WFA,M,42,-0.092000,15.348600,0.124250,,,,10.600,12.000,13.600,15.300,17.400,19.700,22.400,
288,5,WFA,M,43,-0.095700,15.515800,0.124780,,,,10.700,12.100,13.700,15.500,17.600,20.000,22.700,
289,5,WFA,M,44,-0.099300,15.682800,0.125310,,,,10.800,12.200,13.800,15.700,17.800,20.200,23.000,
290,5,WFA,M,45,-0.102800,15.849700,0.125860,,,,10.900,12.400,14.000,15.800,18.000,20.500,23.300,
291,5,WFA,M,46,-0.106300,16.016300,0.126430,,,,11.000,12.500,14.100,16.000,18.200,20.700,23.600,
292,5,WFA,M,47,-0.109700,16.182700,0.127000,,,,11.100,12.600,14.300,16.200,18.400,20.900,23.900,
293,5,WFA,M,48,-0.113100,16.348900,0.127590,,,,11.200,12.700,14.400,16.300,18.600,21.200,24.200,
294,5,WFA,M,49,-0.116500,16.515000,0.128190,,,,11.300,12.800,14.500,16.500,18.800,21.400,24.500,
295,5,WFA,M,50,-0.119800,16.681100,0.128800,,,,11.400,12.900,14.700,16.700,19.000,21.700,24.800,
296,5,WFA,M,51,-0.123000,16.847100,0.129430,,,,11.500,13.100,14.800,16.800,19.200,21.900,25.100,
297,5,WFA,M,52,-0.126200,17.013200,0.130050,,,,11.600,13.200,15.000,17.000,19.400,22.200,25.400,
298,5,WFA,M,53,-0.129400,17.179200,0.130690,,,,11.700,13.300,15.100,17.200,19.600,22.400,25.700,
299,5,WFA,M,54,-0.132500,17.345200,0.131330,,,,11.800,13.400,15.200,17.300,19.800,22.700,26.000,
300,5,WFA,M,55,-0.135600,17.511100,0.131970,,,,11.900,13.500,15.400,17.500,20.000,22.900,26.300,
301,5,WFA,M,56,-0.138700,17.676800,0.132610,,,,12.000,13.600,15.500,17.700,20.200,23.200,26.600,
302,5,WFA,M,57,-0.141700,17.842200,0.133250,,,,12.100,13.700,15.600,17.800,20.400,23.400,26.900,
303,5,WFA,M,58,-0.144700,18.007300,0.133890,,,,12.200,13.800,15.800,18.000,20.600,23.700,27.200,
304,5,WFA,M,59,-0.147700,18.172200,0.134530,,,,12.300,14.000,15.900,18.200,20.800,23.900,27.600,
305,5,WFA,M,60,-0.150600,18.336600,0.135170,,,,12.400,14.100,16.000,18.300,21.000,24.200,27.900,
306,6,WFA,F,0,0.380900,3.232200,0.141710,,,,2.000,2.400,2.800,3.200,3.700,4.200,4.800,
307,6,WFA,F,1,0.171400,4.187300,0.137240,,,,2.700,3.200,3.600,4.200,4.800,5.500,6.200,
308,6,WFA,F,2,0.096200,5.128200,0.130000,,,,3.400,3.900,4.500,5.100,5.800,6.600,7.500,
309,6,WFA,F,3,0.040200,5.845800,0.126190,,,,4.000,4.500,5.200,5.800,6.600,7.500,8.500,
310,6,WFA,F,4,-0.005000,6.423700,0.124020,,,,4.400,5.000,5.700,6.400,7.300,8.200,9.300,
311,6,WFA,F,5,-0.043000,6.898500,0.122740,,,,4.800,5.400,6.100,6.900,7.800,8.800,10.000,
312,6,WFA,F,6,-0.075600,7.297000,0.122040,,,,5.100,5.700,6.500,7.300,8.200,9.300,10.600,
313,6,WFA,F,7,-0.103900,7.642200,0.121780,,,,5.300,6.000,6.800,7.600,8.600,9.800,11.100,
314,6,WFA,F,8,-0.128800,7.948700,0.121810,,,,5.600,6.300,7.000,7.900,9.000,10.200,11.600,
315,6,WFA,F,9,-0.150700,8.225400,0.121990,,,,5.800,6.500,7.300,8.200,9.300,10.500,12.000,
316,6,WFA,F,10,-0.170000,8.480000,0.122230,,,,5.900,6.700,7.500,8.500,9.600,10.900,12.400,
317,6,WFA,F,11,-0.187200,8.719200,0.122470,,,,6.100,6.900,7.700,8.700,9.900,11.200,12.800,
318,6,WFA,F,12,-0.202400,8.948100,0.122680,,,,6.300,7.000,7.900,8.900,10.100,11.500,13.100,
319,6,WFA,F,13,-0.215800,9.169900,0.122830,,,,6.400,7.200,8.100,9.200,10.400,11.800,13.500,
320,6,WFA,F,14,-0.227800,9.387000,0.122940,,,,6.600,7.400,8.300,9.400,10.600,12.100,13.800,
321,6,WFA,F,15,-0.238400,9.600800,0.122990,,,,6.700,7.600,8.500,9.600,10.900,12.400,14.100,
322,6,WFA,F,16,-0.247800,9.812400,0.123030,,,,6.900,7.700,8.700,9.800,11.100,12.600,14.500,
323,6,WFA,F,17,-0.256200,10.022600,0.123060,,,,7.000,7.900,8.900,10.000,11.400,12.900,14.800,
324,6,WFA,F,18,-0.263700,10.231500,0.123090,,,,7.200,8.100,9.100,10.200,11.600,13.200,15.100,
325,6,WFA,F,19,-0.270300,10.439300,0.123150,,,,7.300,8.200,9.200,10.400,11.800,13.500,15.400,
326,6,WFA,F,20,-0.276200,10.646400,0.123230,,,,7.500,8.400,9.400,10.600,12.100,13.700,15.700,
327,6,WFA,F,21,-0.281500,10.853400,0.123350,,,,7.600,8.600,9.600,10.900,12.300,14.000,16.000,
328,6,WFA,F,22,-0.286200,11.060800,0.123500,,,,7.800,8.700,9.800,11.100,12.500,14.300,16.400,
329,6,WFA,F,23,-0.290300,11.268800,0.123690,,,,7.900,8.900,10.000,11.300,12.800,14.600,16.700,
330,6,WFA,F,24,-0.294100,11.477500,0.123900,,,,8.100,9.000,10.200,11.500,13.000,14.800,17.000,
331,6,WFA,F,25,-0.297500,11.686400,0.124140,,,,8.200,9.200,10.300,11.700,13.300,15.100,17.300,
332,6,WFA,F,26,-0.300500,11.894700,0.124410,,,,8.400,9.400,10.500,11.900,13.500,15.400,17.700,
333,6,WFA,F,27,-0.303200,12.101500,0.124720,,,,8.500,9.500,10.700,12.100,13.700,15.700,18.000,
334,6,WFA,F,28,-0.305700,12.305900,0.125060,,,,8.600,9.700,10.900,12.300,14.000,16.000,18.300,
335,6,WFA,F,29,-0.308000,12.507300,0.125450,,,,8.800,9.800,11.100,12.500,14.200,16.200,18.700,
336,6,WFA,F,30,-0.310100,12.705500,0.125870,,,,8.900,10.000,11.200,12.700,14.400,16.500,19.000,
337,6,WFA,F,31,-0.312000,12.900600,0.126330,,,,9.000,10.100,11.400,12.900,14.700,16.800,19.300,
338,6,WFA,F,32,-0.313800,13.093000,0.126830,,,,9.100,10.300,11.600,13.100,14.900,17.100,19.600,
339,6,WFA,F,33,-0.315500,13.283700,0.127370,,,,9.300,10.400,11.700,13.300,15.100,17.300,20.000,
340,6,WFA,F,34,-0.317100,13.473100,0.127940,,,,9.400,10.500,11.900,13.500,15.400,17.600,20.300,
341,6,WFA,F,35,-0.318600,13.661800,0.128550,,,,9.500,10.700,12.000,13.700,15.600,17.900,20.600,
342,6,WFA,F,36,-0.320100,13.850300,0.129190,,,,9.600,10.800,12.200,13.900,15.800,18.100,20.900,
343,6,WFA,F,37,-0.321600,14.038500,0.129880,,,,9.700,10.900,12.400,14.000,16.000,18.400,21.300,
344,6,WFA,F,38,-0.323000,14.226500,0.130590,,,,9.800,11.100,12.500,14.200,16.300,18.700,21.600,
345,6,WFA,F,39,-0.324300,14.414000,0.131350,,,,9.900,11.200,12.700,14.400,16.500,19.000,22.000,
346,6,WFA,F,40,-0.325700,14.601000,0.132130,,,,10.100,11.300,12.800,14.600,16.700,19.200,22.300,
347,6,WFA,F,41,-0.327000,14.787300,0.132930,,,,10.200,11.500,13.000,14.800,16.900,19.500,22.700,
348,6,WFA,F,42,-0.328300,14.972700,0.133760,,,,10.300,11.600,13.100,15.000,17.200,19.800,23.000,
349,6,WFA,F,43,-0.329600,15.157300,0.134600,,,,10.400,11.700,13.300,15.200,17.400,20.100,23.400,
350,6,WFA,F,44,-0.330900,15.341000,0.135450,,,,10.500,11.800,13.400,15.300,17.600,20.400,23.700,
351,6,WFA,F,45,-0.332200,15.524000,0.136300,,,,10.600,12.000,13.600,15.500,17.800,20.700,24.100,
352,6,WFA,F,46,-0.333500,15.706400,0.137160,,,,10.700,12.100,13.700,15.700,18.100,20.900,24.500,
353,6,WFA,F,47,-0.334800,15.888200,0.138000,,,,10.800,12.200,13.900,15.900,18.300,21.200,24.800,
354,6,WFA,F,48,-0.336100,16.069700,0.138840,,,,10.900,12.300,14.000,16.100,18.500,21.500,25.200,
355,6,WFA,F,49,-0.337400,16.251100,0.139680,,,,11.000,12.400,14.200,16.300,18.800,21.800,25.500,
356,6,WFA,F,50,-0.338700,16.432200,0.140510,,,,11.100,12.600,14.300,16.400,19.000,22.100,25.900,
357,6,WFA,F,51,-0.340000,16.613300,0.141320,,,,11.200,12.700,14.500,16.600,19.200,22.400,26.300,
358,6,WFA,F,52,-0.341400,16.794200,0.142130,,,,11.300,12.800,14.600,16.800,19.400,22.600,26.600,
359,6,WFA,F,53,-0.342700,16.974800,0.142930,,,,11.400,12.900,14.800,17.000,19.700,22.900,27.000,
360,6,WFA,F,54,-0.344000,17.155100,0.143710,,,,11.500,13.000,14.900,17.200,19.900,23.200,27.400,
361,6,WFA,F,55,-0.345300,17.334700,0.144480,,,,11.600,13.200,15.100,17.300,20.100,23.500,27.700,
362,6,WFA,F,56,-0.346600,17.513600,0.145250,,,,11.700,13.300,15.200,17.500,20.300,23.800,28.100,
363,6,WFA,F,57,-0.347900,17.691600,0.146000,,,,11.800,13.400,15.300,17.700,20.600,24.100,28.500,
364,6,WFA,F,58,-0.349200,17.868600,0.146750,,,,11.900,13.500,15.500,17.900,20.800,24.400,28.800,
365,6,WFA,F,59,-0.350500,18.044500,0.147480,,,,12.000,13.600,15.600,18.000,21.000,24.600,29.200,
366,6,WFA,F,60,-0.351800,18.219300,0.148210,,,,12.100,13.700,15.800,18.200,21.200,24.900,29.500,
