id,id_grupo_alimentario,id_subgrupo_alimentario,nombre,precio_libra,factor_parte_comestible,activo
1,1,1,Malta,1.5,1.0,True
2,1,2,Arroz,0.5,1.0,True
3,1,2,Arroz blanco de cocción rápida,0.5,1.0,True
4,1,2,Arroz integral,0.8,1.0,True
5,1,2,Avena,0.5,1.0,True
6,1,2,Cebada,1.0,1.0,True
7,1,2,Centeno,0.7,1.0,True
8,1,2,Fécula de maíz,0.6,1.0,True
9,1,2,Harina de arroz,1.2,1.0,True
10,1,2,Harina de centeno,1.5,1.0,True
11,1,2,Harina de maíz,0.6,1.0,True
12,1,2,Harina de trigo,0.45,1.0,True
13,1,2,Harina integral de trigo,0.7,1.0,True
14,1,2,Máchica,0.8,1.0,True
15,1,2,Maíz en grano hervido en lata,1.8,1.0,True
16,1,2,Maíz en mazorca crudo,0.5,0.59,True
17,1,2,Maíz en mazorca hervido,0.8,0.59,True
18,1,2,Quinoa,1.5,1.0,True
19,1,2,Sémola de trigo,1.1,1.0,True
20,1,3,Masa de hojaldre congelada,2.5,1.0,True
21,1,3,Masa quebrada,2.5,1.0,True
22,1,3,Pan blanco,0.8,1.0,True
23,1,3,Pan blanco sin sal,1.0,1.0,True
24,1,3,Pan blanco tipo baguette,1.2,1.0,True
25,1,3,Pan blanco tostado,1.8,1.0,True
26,1,3,Pan blanco tostado sin sal,2.0,1.0,True
27,1,3,Pan de avena,1.5,1.0,True
28,1,3,Pan de cebada,1.2,1.0,True
29,1,3,Pan de centeno,2.5,1.0,True
30,1,3,Pan de pita,2.0,1.0,True
31,1,3,Pan de trigo y centeno,2.2,1.0,True
32,1,3,Pan integral,1.2,1.0,True
33,1,3,Pan integral tostado,2.0,1.0,True
34,1,3,Pan sin gluten,4.5,1.0,True
35,1,3,Pan tipo hamburguesa,1.5,1.0,True
36,1,3,Pan tipo picatoste con omega 3,3.5,1.0,True
37,1,3,Panecillos hechos con aceite de oliva,2.0,1.0,True
38,1,3,Picatostes,3.0,1.0,True
39,1,4,Cuscús,2.8,1.0,True
40,1,4,Pasta,0.9,1.0,True
41,1,4,Pasta al huevo,1.5,1.0,True
42,1,4,Pasta de colores,1.4,1.0,True
43,1,4,Pasta fresca cocida,3.0,1.0,True
44,1,4,Pasta integral,1.5,1.0,True
45,1,4,Pasta rellena de carne hervida,4.5,1.0,True
46,1,4,Pasta rellena de queso hervida,4.5,1.0,True
47,2,5,Batido fermentado de soja,2.5,1.0,True
48,2,5,Bebida de soja,1.5,1.0,True
49,2,5,Brote de soja,1.5,1.0,True
50,2,5,Fideos de soja,3.0,1.0,True
51,2,5,Hamburguesa vegetal,4.0,1.0,True
52,2,5,Harina de soja,1.8,1.0,True
53,2,5,Lecitina de soja,8.0,1.0,True
54,2,5,Lentejas,0.8,1.0,True
55,2,5,Salchicha vegetal,4.5,1.0,True
56,2,5,Tempeh,4.6,1.0,True
57,2,6,Garbanzo en conserva,1.8,1.0,True
58,2,6,Judía blanca en conserva,1.8,1.0,True
59,2,6,Judía pinta en conserva,1.8,1.0,True
60,2,6,Lenteja en conserva,1.8,1.0,True
61,2,7,Altramuz seco,1.2,1.0,True
62,2,7,Garbanzo,1.0,1.0,True
63,2,7,Haba seca,0.8,1.0,True
64,2,7,Harina de algarrobo,3.5,1.0,True
65,2,7,Judía blanca,1.1,1.0,True
66,2,7,Judía pinta,1.0,1.0,True
67,2,7,Lenteja,0.8,1.0,True
68,2,7,Soja,1.2,1.0,True
69,3,8,Champiñón en conserva,3.0,1.0,True
70,3,9,Champiñón,2.5,0.8,True
71,3,10,Boniato,1.0,0.84,True
72,3,10,Fécula de patata,2.0,1.0,True
73,3,10,Harina de tapioca,1.5,1.0,True
74,3,10,Nabo,0.5,0.75,True
75,3,10,Patata nueva,0.35,0.8,True
76,3,10,Rábano,0.6,0.81,True
77,3,10,Remolacha,0.5,0.8,True
78,3,10,Tapioca,1.5,1.0,True
79,3,10,Yuca,0.4,1.0,True
80,3,10,Zanahoria,0.45,0.87,True
81,3,11,Alcachofa congelada,3.5,1.0,True
82,3,11,Espinaca congelada,2.0,1.0,True
83,3,11,Guisante congelado,2.0,1.0,True
84,3,11,Judía verde congelada,2.0,1.0,True
85,3,12,Esparrago de lata,4.0,1.0,True
86,3,12,Espinaca en conserva,2.5,1.0,True
87,3,12,Guisante en conserva,2.0,1.0,True
88,3,12,Judía verde en conserva,2.0,1.0,True
89,3,12,Palmito en conserva,3.5,1.0,True
90,3,12,Pimiento del piquillo en conserva,5.0,1.0,True
91,3,12,Pimiento morrón en conserva,3.0,1.0,True
92,3,12,Pimiento rojo asado en conserva,3.5,1.0,True
93,3,12,Puerro en conserva,3.0,1.0,True
94,3,13,Acelga,0.5,0.88,True
95,3,13,Ajo,1.5,0.79,True
96,3,13,Alcachofa,2.0,0.48,True
97,3,13,Apio,0.6,0.8,True
98,3,13,Berenjena,0.8,0.85,True
99,3,13,Berro,1.0,0.62,True
100,3,13,Borraja,1.5,0.8,True
101,3,13,Brécol,1.5,0.61,True
102,3,13,Calabacín,0.6,0.88,True
103,3,13,Calabaza,0.4,0.67,True
104,3,13,Cebolla,0.4,0.91,True
105,3,13,Chile rojo,1.5,1.0,True
106,3,13,Chile verde,1.5,1.0,True
107,3,13,Chirivía,2.0,1.0,True
108,3,13,Col,0.4,0.77,True
109,3,13,Col de Bruselas,2.5,0.78,True
110,3,13,Col rizada,2.0,0.85,True
111,3,13,Coliflor,0.6,0.8,True
112,3,13,Escarola,1.0,0.79,True
113,3,13,Espinaca,0.6,0.81,True
114,3,13,Guisante verde,1.0,0.37,True
115,3,13,Haba fresca,0.8,0.4,True
116,3,13,Judía verde,0.7,0.91,True
117,3,13,Lechuga,0.5,0.74,True
118,3,13,Lombarda,0.6,0.81,True
119,3,13,Nopal,1.5,0.96,True
120,3,13,Pepino,0.4,0.77,True
121,3,13,Pimiento rojo,0.9,0.83,True
122,3,13,Pimiento verde,0.8,0.84,True
123,3,13,Puerro,1.0,0.86,True
124,3,13,Repollo,0.4,0.77,True
125,3,13,Tomate,0.5,0.94,True
126,3,13,Tomate cherry,1.5,1.0,True
127,3,14,Zumo de aloe vera,2.5,1.0,True
128,3,14,Zumo de tomate natural,1.5,1.0,True
129,3,14,Zumo de zanahoria natural,1.5,1.0,True
130,4,15,Crema de almendras,12.0,1.0,True
131,4,15,Crema de cacahuete,4.0,1.0,True
132,4,15,Dulce de membrillo y pastas de frutas,3.0,1.0,True
133,4,15,Mermelada de albaricoque y melocotón,2.5,1.0,True
134,4,15,Mermelada de albaricoque y melocotón baja en calorías,3.5,1.0,True
135,4,15,Mermelada de cereza,3.0,1.0,True
136,4,15,Mermelada de ciruela,2.5,1.0,True
137,4,15,Mermelada de frambuesa,3.5,1.0,True
138,4,15,Mermelada de fresa,2.0,1.0,True
139,4,15,Mermelada de fresa baja en calorías,3.0,1.0,True
140,4,15,Mermelada de mora,2.5,1.0,True
141,4,15,Mermelada de naranja,2.0,1.0,True
142,4,15,Mermelada de tomate,3.0,1.0,True
143,4,16,Albaricoque seco,4.5,1.0,True
144,4,16,Ciruela seca,3.0,0.84,True
145,4,16,Coco rallado,3.5,1.0,True
146,4,16,Dátil,4.5,0.84,True
147,4,16,Pasa,2.5,1.0,True
148,4,17,Aguacate,1.2,0.71,True
149,4,17,Albaricoque,2.0,0.92,True
150,4,17,Arándano,2.5,0.99,True
151,4,17,Caqui,3.0,0.87,True
152,4,17,Carambola,1.0,1.0,True
153,4,17,Cereza,4.0,0.83,True
154,4,17,Chirimoya,1.5,0.6,True
155,4,17,Ciruela,1.2,0.94,True
156,4,17,Coco fresco,1.0,0.7,True
157,4,17,Frambuesa,5.0,1.0,True
158,4,17,Fresa,1.5,0.95,True
159,4,17,Granada,2.0,0.56,True
160,4,17,Grosella negra,5.0,0.98,True
161,4,17,Grosella roja,5.0,0.99,True
162,4,17,Guayaba,0.8,0.89,True
163,4,17,Higo,1.5,0.81,True
164,4,17,Kiwi,1.8,0.86,True
165,4,17,Lima,1.0,0.7,True
166,4,17,Limón,0.6,0.64,True
167,4,17,Litchi,1.0,0.62,True
168,4,17,Mandarina,0.6,0.76,True
169,4,17,Manzana,0.9,0.89,True
170,4,17,Maracuyá,1.0,0.61,True
171,4,17,Melocotón,1.2,0.9,True
172,4,17,Melón,0.6,0.66,True
173,4,17,Membrillo,2.0,0.65,True
174,4,17,Mora,1.5,1.0,True
175,4,17,Naranja,0.5,0.7,True
176,4,17,Nectarina,3.0,0.9,True
177,4,17,Níspero,2.0,0.62,True
178,4,17,Papaya,0.5,0.72,True
179,4,17,Pera,1.0,0.91,True
180,4,17,Piña,0.6,0.57,True
181,4,17,Plátano,0.3,0.66,True
182,4,17,Plátano macho o hartón,0.4,1.0,True
183,4,17,Pomelo,1.0,0.68,True
184,4,17,Sandia,0.4,0.56,True
185,4,17,Tamarindo,1.5,1.0,True
186,4,17,Uva blanca,1.5,0.94,True
187,4,17,Uva negra,1.5,0.94,True
188,4,18,Almendra con cascara,4.0,0.4,True
189,4,18,Avellana con cascara,4.5,0.61,True
190,4,18,Avellana sin cascara,8.0,1.0,True
191,4,18,Cacahuete con cascara,1.5,0.71,True
192,4,18,Cacahuete frito salado sin cascara,2.5,1.0,True
193,4,18,Cacahuete sin cascara,2.0,1.0,True
194,4,18,Castaña,5.0,0.82,True
195,4,18,Nueces de macadamia sin cascara,8.0,1.0,True
196,4,18,Nueces pecanas sin cascara,7.0,1.0,True
197,4,18,Nuez con cascara,3.5,0.45,True
198,4,18,Nuez sin cascara,7.0,1.0,True
199,4,18,Pipa de girasol pelada con sal,2.0,1.0,True
200,4,18,Pipa de girasol pelada sin sal,1.5,1.0,True
201,4,18,Pipas de calabaza sin cascara tostadas sin sal,4.5,1.0,True
202,4,18,Pistacho,8.0,0.55,True
203,4,18,Pistacho tostado salado,9.5,0.51,True
204,4,19,Zumo de limón natural,1.5,1.0,True
205,4,19,Zumo de naranja,1.2,1.0,True
206,5,20,Leche concentrada,3.0,1.0,True
207,5,20,Leche condensada azucarada,3.0,1.0,True
208,5,20,Leche condensada desnatada con azúcar,3.0,1.0,True
209,5,20,Leche de cabra,2.5,1.0,True
210,5,20,Leche de oveja,3.0,1.0,True
211,5,20,Leche de vaca desnatada,0.9,1.0,True
212,5,20,Leche de vaca entera,0.85,1.0,True
213,5,20,Leche de vaca semidesnatada,0.9,1.0,True
214,5,20,Leche desnatada sin lactosa,1.1,1.0,True
215,5,20,Leche en polvo desnatada,4.5,1.0,True
216,5,20,Leche en polvo entera,4.0,1.0,True
217,5,20,Leche en polvo semidesnatada,4.2,1.0,True
218,5,20,Leche entera sin lactosa,1.1,1.0,True
219,5,20,Leche evaporada entera,2.0,1.0,True
220,5,20,Leche semidesnatada sin lactosa,1.1,1.0,True
221,5,21,Nata liquida para cocinar,2.0,1.0,True
222,5,22,Queso Amasado Don Queso,3.5,1.0,True
223,5,22,Queso azul,10.0,1.0,True
224,5,22,Queso Cheddar,6.0,1.0,True
225,5,22,Queso Criollo Cremosísimo La Holandesa,2.8,1.0,True
226,5,22,Queso de cabra curado,10.0,1.0,True
227,5,22,Queso de cabra semicurado,8.5,1.0,True
228,5,22,Queso de cabra tierno,7.0,1.0,True
229,5,22,Queso en lonchas,8.0,1.0,True
230,5,22,Queso Fresco Cremoso Kiosko,3.34,1.0,True
231,5,22,Queso Fresco Siberia,2.95,1.0,True
232,5,22,Queso Manaba Auténtico La Holandesa,3.5,1.0,True
233,5,22,Queso Mozzarella,8.0,1.0,True
234,5,22,Queso Mozzarella Florap,3.5,1.0,True
235,5,22,Queso Mozzarella Kiosko,3.5,1.0,True
236,5,22,Queso Parmesano,14.0,0.95,True
238,5,22,Queso quark descremado,15.0,1.0,True
239,5,23,Kéfir,4.0,1.0,True
240,5,23,Yogur de soja,3.5,1.0,True
241,5,23,Yogur desnatado con cereales,2.5,1.0,True
242,5,23,Yogur desnatado con fruta,2.2,1.0,True
243,5,23,Yogur desnatado de sabores,2.0,1.0,True
244,5,23,Yogur desnatado natural,1.8,1.0,True
245,5,23,Yogur desnatado natural azucarado,1.8,1.0,True
246,5,23,Yogur desnatado natural edulcorado,2.0,1.0,True
247,5,23,Yogur entero con cereales,2.2,1.0,True
248,5,23,Yogur entero con fruta,2.0,1.0,True
249,5,23,Yogur entero de sabores,1.8,1.0,True
250,5,23,Yogur entero natural azucarado,1.8,1.0,True
251,5,23,Yogur liquido con pulpa de fruta,1.8,1.0,True
252,5,23,Yogur liquido de sabores,1.5,1.0,True
253,5,23,Yogur liquido natural azucarado,1.5,1.0,True
254,5,23,Yogur natural entero,1.6,1.0,True
255,5,23,Yogur sin lactosa natural azucarado,2.0,1.0,True
256,5,23,Yogur tipo griego,3.5,1.0,True
257,6,24,Clara de gallina,1.5,1.0,True
258,6,24,Huevo de codorniz,8.0,0.88,True
259,6,24,Huevo de pato,7.0,0.89,True
260,6,24,Yema de huevo,1.5,1.0,True
261,7,25,Ala de pollo,1.5,0.74,True
262,7,25,Codorniz,4.5,0.7,True
263,7,25,Gallina entera,1.2,0.72,True
264,7,25,Muslo de pavo,2.5,0.81,True
265,7,25,Muslo de pollo,1.4,0.38,True
266,7,25,Oca deshuesada sin piel,9.0,1.0,True
267,7,25,Oca entera,4.83,1.0,True
268,7,25,Paloma,5.0,1.0,True
269,7,25,Pato entero,8.0,0.67,True
270,7,25,Pavo,2.4,0.57,True
271,7,25,Pechuga de pavo,2.4,0.89,True
272,7,25,Pechuga de pollo,1.5,0.9,True
273,7,25,Pollo entero,1.2,0.64,True
274,7,26,Bacon,3.5,0.86,True
275,7,26,Carne de cerdo semigrasa,2.5,1.0,True
276,7,26,Cerdo magro,2.8,1.0,True
277,7,26,Chuleta de cerdo,2.6,0.8,True
278,7,26,Costilla de cerdo,2.8,0.72,True
279,7,26,Lomo de cerdo,3.0,1.0,True
280,7,26,Manita de cerdo,1.5,0.39,True
281,7,26,Paletilla de cerdo,2.5,1.0,True
282,7,26,Panceta,2.8,0.88,True
283,7,26,Solomillo de cerdo,3.5,1.0,True
284,7,26,Tocino,1.8,1.0,True
285,7,27,Chuleta de cordero,4.0,0.77,True
286,7,27,Paleta de cordero,3.5,0.8,True
287,7,27,Pierna de cordero,4.0,0.77,True
288,7,28,Butifarra,1.1,0.97,True
289,7,28,Cabeza de cerdo,1.8,0.94,True
290,7,28,Chistorra,3.0,1.0,True
291,7,28,Chopped de cerdo,6.0,1.0,True
292,7,28,Chorizo,2.5,0.99,True
293,7,28,Jamón cocido,2.0,1.0,True
294,7,28,Jamón cocido enlatado,4.5,1.0,True
295,7,28,Jamón ibérico,4.5,1.0,True
296,7,28,Jamón serrano,2.8,1.0,True
297,7,28,Lomo embuchado,2.5,0.99,True
298,7,28,Longaniza,5.0,1.0,True
299,7,28,Morcilla de arroz,6.0,0.97,True
300,7,28,Mortadela,4.5,1.0,True
301,7,28,Pechuga de pavo embutido,3.5,1.0,True
302,7,28,Salami,4.0,1.0,True
303,7,28,Salchicha fresca,3.0,1.0,True
304,7,28,Salchichón,4.0,0.97,True
305,7,29,Cabrito,8.0,0.75,True
306,7,29,Carne de caballo,15.0,1.0,True
307,7,29,Carne de conejo grasa,10.0,0.68,True
308,7,29,Conejo,3.5,0.62,True
309,7,29,Cuy,12.0,0.68,True
310,7,29,Liebre,5.0,0.8,True
311,7,29,Lomo de conejo,2.5,0.68,True
312,7,29,Pierna de conejo,3.0,0.83,True
313,7,30,Añojo lomo,14.0,1.0,True
314,7,30,Carne de vaca 2ªy3ª,7.0,1.0,True
315,7,30,Carne de vaca grasa,2.0,0.95,True
316,7,30,Carne de vaca magra,3.0,1.0,True
317,7,30,Carne semigrasa de vaca,2.5,1.0,True
318,7,30,Chuleta de ternera,3.2,0.78,True
319,7,30,Lomo de ternera,4.0,1.0,True
320,7,30,Rabo de toro,2.5,1.0,True
321,7,30,Ternera de 2ª y 3ª,2.5,1.0,True
322,7,30,Ternera magra,3.5,1.0,True
323,7,30,Ternera semigrasa,2.8,1.0,True
324,7,31,Callos de ternera,1.5,1.0,True
325,7,31,Corazón de cerdo,5.0,0.95,True
326,7,31,Corazón de cordero,5.0,0.78,True
327,7,31,Corazón de pollo,5.85,1.0,True
328,7,31,Corazón de vaca,3.63,0.81,True
329,7,31,Hígado de cerdo,2.5,1.0,True
330,7,31,Hígado de cordero,2.5,1.0,True
331,7,31,Hígado de pollo,2.0,1.0,True
332,7,31,Hígado de vaca,2.0,1.0,True
333,7,31,Lengua de cerdo,3.0,0.84,True
334,7,31,Lengua de cordero,2.5,0.57,True
335,7,31,Lengua de ternera,4.0,0.8,True
336,7,31,Lengua de vaca,3.0,1.0,True
337,7,31,Molleja de cordero,4.0,1.0,True
338,7,31,Molleja de ternera,0.8,1.0,True
339,7,31,Pulmón de cerdo,1.5,0.87,True
340,7,31,Pulmón de cordero,0.5,0.76,True
341,7,31,Pulmón de ternera,2.0,0.76,True
342,7,31,Riñón de cerdo,3.5,0.9,True
343,7,31,Riñón de cordero,4.0,0.93,True
344,7,31,Riñón de ternera,4.5,1.0,True
345,7,31,Sangre de cerdo,2.5,1.0,True
346,7,31,Seso de cerdo,3.0,0.98,True
347,7,31,Seso de cordero,2.0,1.0,True
348,7,31,Seso de ternera,4.0,1.0,True
349,8,32,Almeja,6.0,0.25,True
350,8,32,Berberecho,3.5,0.2,True
351,8,32,Bogavante,2.0,0.3,True
352,8,32,Calamar,8.0,0.7,True
353,8,32,Cangrejo y similares,10.0,0.44,True
354,8,32,Centollo,4.0,0.44,True
355,8,32,Chipirón,3.0,0.7,True
356,8,32,Cigala,2.5,0.5,True
357,8,32,Gamba roja,2.0,0.4,True
358,8,32,Langosta,25.0,0.47,True
359,8,32,Langostino,15.0,0.4,True
360,8,32,Mejillón,5.0,0.25,True
361,8,32,Ostra,15.0,0.15,True
362,8,32,Pulpo,15.0,0.79,True
363,8,33,Anguila,8.0,0.67,True
364,8,33,Angula,3.5,1.0,True
365,8,33,Atún,2.0,0.58,True
366,8,33,Bonito,6.0,0.9,True
367,8,33,Boquerón,3.5,0.79,True
368,8,33,Caballa,18.0,0.71,True
369,8,33,Carpa,3.0,0.54,True
370,8,33,Congrio,2.5,0.75,True
371,8,33,Jurel,5.0,0.71,True
372,8,33,Palometa,2.0,0.6,True
373,8,33,Pez espada,6.0,0.94,True
374,8,33,Salmon,4.5,0.79,True
375,8,33,Salmonete,5.0,0.74,True
376,8,33,Sardina,4.0,0.68,True
377,8,33,Sargo,5.0,0.54,True
378,8,33,Trucha,8.0,0.52,True
379,8,34,Abadejo,5.0,0.56,True
380,8,34,Bacalao fresco,8.0,0.89,True
381,8,34,Dorada,4.0,0.55,True
382,8,34,Lubina,2.5,0.84,True
383,8,34,Merluza,6.0,0.85,True
384,8,34,Mero,2.0,0.57,True
385,8,34,Mújol,3.0,0.49,True
386,8,34,Panga,1.5,1.0,True
387,8,34,Perca,2.5,1.0,True
388,8,34,Pescadilla,5.0,0.75,True
389,8,34,Platija,8.5,0.71,True
390,8,34,Rape,4.0,0.9,True
391,8,34,Raya,1.2,0.55,True
392,8,34,Rodaballo,2.8,0.48,True
393,8,34,Rosada,2.5,0.8,True
394,8,35,Salmon ahumado,4.5,1.0,True
395,8,36,Anchoa en aceite,0.45,1.0,True
396,8,36,Atún al natural,0.6,1.0,True
397,8,36,Atún en aceite,3.0,1.0,True
398,8,36,Atún en escabeche,4.0,1.0,True
399,8,36,Bonito en aceite,8.0,1.0,True
400,8,36,Bonito en aceite de soja,5.0,1.0,True
401,8,36,Melva en aceite de oliva,4.5,1.0,True
402,8,36,Sardina con salsa de tomate,3.0,1.0,True
403,8,36,Sardina en aceite,2.0,1.0,True
404,8,36,Sardina en escabeche,6.0,1.0,True
405,8,36,Sardinilla en aceite,1.5,1.0,True
406,8,37,Bacalao salado,15.0,0.8,True
407,9,38,Aceite de cacahuete,1.5,1.0,True
408,9,38,Aceite de coco,1.5,1.0,True
409,9,38,Aceite de colza,1.5,1.0,True
410,9,38,Aceite de germen de trigo,1.5,1.0,True
411,9,38,Aceite de girasol,1.5,1.0,True
412,9,38,Aceite de Hígado de bacalao,1.5,1.0,True
413,9,38,Aceite de lino,1.5,1.0,True
414,9,38,Aceite de maíz,1.5,1.0,True
415,9,38,Aceite de nuez,1.5,1.0,True
416,9,38,Aceite de oliva,1.5,1.0,True
417,9,38,Aceite de oliva virgen,1.5,1.0,True
418,9,38,Aceite de oliva virgen extra,1.5,1.0,True
419,9,38,Aceite de oliva virgen extra ecológico,1.5,1.0,True
420,9,38,Aceite de palma,1.5,1.0,True
421,9,38,Aceite de sésamo,1.5,1.0,True
422,9,38,Aceite de soja,1.5,1.0,True
423,9,39,Mantequilla,1.5,1.0,True
424,9,39,Mantequilla ligera,1.5,1.0,True
425,9,39,Mantequilla salada,1.5,1.0,True
426,9,39,Margarina,1.5,1.0,True
427,9,39,Margarina con esteroles,1.5,1.0,True
428,9,39,Margarina de maíz,1.5,1.0,True
429,9,39,Margarina ligera,1.5,1.0,True
430,9,39,Margarina salada,1.5,1.0,True
431,9,39,Margarina vegetal enriquecida,1.5,1.0,True
432,9,40,Manteca de cacao,1.5,1.0,True
433,9,40,Manteca de cerdo,1.5,1.0,True
434,10,41,Ajo en polvo,1.5,1.0,True
435,10,41,Albahaca fresca,1.5,1.0,True
436,10,41,Albahaca seca,1.5,1.0,True
437,10,41,Azafrán,1.5,1.0,True
438,10,41,Canela,1.5,1.0,True
439,10,41,Cardamomo,1.5,1.0,True
440,10,41,Cebolla deshidratada en copos,1.5,1.0,True
441,10,41,Cebollino,1.5,1.0,True
442,10,41,Cilantro,1.5,1.0,True
443,10,41,Clavo,1.5,1.0,True
444,10,41,Cúrcuma,1.5,1.0,True
445,10,41,Eneldo seco,1.5,1.0,True
446,10,41,Gomasio,1.5,1.0,True
447,10,41,Guindilla picante,1.5,0.95,True
448,10,41,Hinojo,1.5,1.0,True
449,10,41,Jengibre crudo,1.5,1.0,True
450,10,41,Jengibre en polvo,1.5,1.0,True
451,10,41,Laurel,1.5,1.0,True
452,10,41,Levadura,1.5,1.0,True
453,10,41,Levadura de panadería fresca,1.5,1.0,True
454,10,41,Mejorana seca,1.5,1.0,True
455,10,41,Menta fresca,1.5,1.0,True
456,10,41,Nuez moscada,1.5,1.0,True
457,10,41,Orégano fresco,1.5,1.0,True
458,10,41,Orégano seco,1.5,1.0,True
459,10,41,Perejil,1.5,0.4,True
460,10,41,Pimentón,1.5,1.0,True
461,10,41,Pimienta blanca,1.5,1.0,True
462,10,41,Pimienta negra,1.5,1.0,True
463,10,41,Sal común,1.5,1.0,True
464,10,41,Sal fluorada,1.5,1.0,True
465,10,41,Sal hiposódica,1.5,1.0,True
466,10,41,Sal yodada,1.5,1.0,True
467,10,41,Sal yodada fluorada,1.5,1.0,True
468,10,41,Semilla de anís,1.5,1.0,True
469,10,41,Tomillo seco,1.5,1.0,True
470,10,41,Vainilla,1.5,1.0,True
471,10,41,Vinagre,1.5,1.0,True
472,10,41,Vinagre balsámico,1.5,1.0,True
473,10,41,Vinagre de manzana,1.5,1.0,True
474,10,41,Vinagre de vino,1.5,1.0,True
475,10,42,Alioli,1.5,1.0,True
476,10,42,Gelatina,1.5,1.0,True
477,10,42,Kétchup,1.5,1.0,True
478,10,42,Mayonesa comercial,1.5,1.0,True
479,10,42,Mayonesa ligera,1.5,1.0,True
480,10,42,Mostaza,1.5,1.0,True
481,10,42,Salsa agridulce,1.5,1.0,True
482,10,42,Salsa al curry,1.5,1.0,True
483,10,42,Salsa barbacoa,1.5,1.0,True
484,10,42,Salsa bechamel,1.5,1.0,True
485,10,42,Salsa boloñesa,1.5,1.0,True
486,10,42,Salsa brava,1.5,1.0,True
487,10,42,Salsa carbonara,1.5,1.0,True
488,10,42,Salsa cesar,1.5,1.0,True
489,10,42,Salsa de queso,1.5,1.0,True
490,10,42,Salsa de soja,1.5,1.0,True
491,10,42,Salsa holandesa,1.5,1.0,True
492,10,42,Salsa inglesa,1.5,1.0,True
493,11,43,Azúcar blanco,0.5,1.0,True
494,11,43,Azúcar moreno,0.6,1.0,True
495,11,43,Fructosa,1.5,1.0,True
496,11,43,Granadina,1.5,1.0,True
497,11,43,Jalea real,1.5,1.0,True
498,11,43,Jarabe,1.5,1.0,True
499,11,43,Miel,1.5,1.0,True
500,11,44,Cacao en polvo 0 azúcar,1.5,1.0,True
501,11,44,Cacao en polvo azucarado,1.5,1.0,True
502,11,44,Cacao en polvo bajo en calorías,1.5,1.0,True
503,11,44,Chocolate blanco,1.5,1.0,True
504,11,44,Chocolate con leche,1.5,1.0,True
505,11,44,Chocolate con leche y almendra,1.5,1.0,True
506,11,44,Chocolate en polvo a la taza,1.5,1.0,True
507,11,44,Chocolate puro,1.5,1.0,True
508,11,44,Crema de cacao y avellanas,1.5,1.0,True
509,11,45,Cacahuete cubierto de chocolate,1.5,1.0,True
510,11,45,Dulce de leche,1.5,1.0,True
511,11,45,Mazapán,1.5,1.0,True
512,11,45,Merengue,1.5,1.0,True
513,11,46,Galleta integral,1.5,1.0,True
514,11,46,Galleta tipo cookie,1.5,1.0,True
515,11,46,Galleta tipo digestive,1.5,1.0,True
516,11,46,Galleta tipo digestive con chocolate,1.5,1.0,True
517,11,46,Galleta tipo Maria,1.5,1.0,True
518,11,46,Galleta tipo sandwich,1.5,1.0,True
519,11,47,Caramelo,1.5,1.0,True
520,11,47,Chicle,1.5,1.0,True
521,11,47,Chicle sin azúcar,1.5,1.0,True
522,11,47,Polo de hielo,1.5,1.0,True
523,12,48,Galleta salada,1.5,1.0,True
524,13,49,Bebida isotónica,1.5,1.0,True
525,13,50,Agua con gas embotellada,1.5,1.0,True
526,13,50,Agua corriente,1.5,1.0,True
527,13,50,Agua de mineralización débil,1.5,1.0,True
528,13,50,Agua sin gas embotellada,1.5,1.0,True
529,13,50,Bíter sin alcohol,1.5,1.0,True
530,13,50,Gaseosa,1.5,1.0,True
531,13,50,Gaseosa sin calorías,1.5,1.0,True
532,13,50,Limonada,1.5,1.0,True
533,13,50,Refresco de té,1.5,1.0,True
534,13,50,Refresco de té bajo en calorías,1.5,1.0,True
535,13,50,Refresco sabor cola,1.5,1.0,True
536,13,50,Refresco sabor cola bajo en calorías,1.5,1.0,True
537,13,50,Refresco sabor cola sin cafeína,1.5,1.0,True
538,13,50,Refresco sabor cola sin cafeína bajo en calorías,1.5,1.0,True
539,13,50,Refresco sabor limón,1.5,1.0,True
540,13,50,Refresco sabor naranja,1.5,1.0,True
541,13,50,Soda sifón,1.5,1.0,True
542,13,50,Tónica,1.5,1.0,True
543,13,51,Achicoria,1.5,1.0,True
544,13,51,Café capuccino en polvo soluble,1.5,1.0,True
545,13,51,Café descafeinado en grano,1.5,1.0,True
546,13,51,Café descafeinado en polvo soluble,1.5,1.0,True
547,13,51,Café descafeinado liquido,1.5,1.0,True
548,13,51,Café en grano,1.5,1.0,True
549,13,51,Café en polvo soluble,1.5,1.0,True
550,13,51,Té,1.5,1.0,True
551,13,52,Agua de coco,1.5,1.0,True
552,13,52,Bebida de almendras,1.5,1.0,True
553,13,52,Bebida de alpiste,1.5,1.0,True
554,13,52,Bebida de avena,1.5,1.0,True
555,13,52,Horchata,1.5,1.0,True
556,13,52,Leche de arroz enriquecida en calcio,1.5,1.0,True
557,13,52,Leche de coco,1.5,1.0,True
558,13,53,Néctar de frutas envasado,1.5,1.0,True
559,13,53,Sorbete de limón,1.5,1.0,True
560,13,53,Zumo comercial de naranja,1.5,1.0,True
561,13,53,Zumo comercial sabor frutas tropicales,1.5,1.0,True
562,13,53,Zumo de mango,1.5,1.0,True
563,13,53,Zumo de manzana,1.5,1.0,True
564,13,53,Zumo de melocotón,1.5,1.0,True
565,13,53,Zumo de piña,1.5,1.0,True
566,13,53,Zumo de pomelo,1.5,1.0,True
567,13,53,Zumo de tomate comercial,1.5,1.0,True
568,13,53,Zumo de uva,1.5,1.0,True
569,13,53,Zumo de zanahoria,1.5,1.0,True
570,13,53,Zumo uva y melocotón,1.5,1.0,True
